SeqID,Allele,Gene,Family,Segment,GeneNumber,GeneLetter,Suffix,SeqInIMGT,SeqInKIGenome,SeqInThisPaper,SeqInKIIgM,Group,Flag,Nearest Corresponding Alleles,Functionality,Mismatch/Gap,Supporting Individuals,Supporting Samples,Chromosome,Position,Nearest corresponding alleles,Seq
VH1.16A*01ab,VH1.16A*01,VH1.16A,IGHV1,IGHV,16,A,ab,T,T,F,F,,,,,,,,,,,CAGGTGCAGCTGGTGCAGTCTGGGGCTGAGATTAAGCAGCCTGGGGCCTCAGTGAAGCTCTCCTGCAAGGCTTCTGGATATACCTTCACTAGCTACTACATGCACTGGGTGAGACAGGCCCCTGGACAAGGCCTTGAGTGGATAGGACTGATCTCCCCTTACAATGGTAACAAAGGCTACGCACAGAACTTCCAGGGCAGAGTCACCATAACTACGGACACGTCCACGAGCACAGGCTACATGGAGCTGAGCAGCCTGAGATCTGAGGACACAGCCGTGTATTACTGTACGAGAGA
VH1.16A*02c,VH1.16A*02,VH1.16A,IGHV1,IGHV,16,A,c,F,F,T,F,tableS2,Novel allele,,,1/0,44,12,,,IGHV1-1*01|VH1.16,CAGGTGCAGCTGGTGCAGTCTGGGGCTGAGATTAAGCAGCCTGGGGCCTCAGTGAAGCTCTCCTGCAAGGCTTCTGGATATACCTTCACTAGCTACTACATGCACTGGGTGAGACAGGCCCCTGGACAAGGCCTTGAGTGGATAGGACTGATCTCCCCTTACAATGGTAACAAAGGCTACGCACAGAACTTCCAGGGCAGAGTCACCATAACTACGGACACGTCCACGAGCACAGGCTACATGGAGCTGAGCAGCCTGAGATCTGAGGACACAGCCGTGTATTACTGTACGAGAGG
VH1.23A*01b,VH1.23A*01,VH1.23A,IGHV1,IGHV,23,A,b,F,T,F,F,,,,,,,,,,,CAGGTGCAGCTGGTGCAGTCTGGGGCTGAGGTGAAGAAGCCTGGGTCCTCAGTGAAGGTATCCTGCAAGGCTTCCGGATACACCTTCACTGACTACTACATGCACTGGGTGCGACAGGCCCCTCGACAAGGGCTTGAGTGGATGGGATGGATCAACCCTTACAATGGCAACACAAAGTATGCACAGAAGTTCCAGGGCAGAGTCACCATGACCAGAGACACATCGACGAGCACAGCCTACATGGAGCTGAGCAGCCTGAGATCTGAGGACACGGCCGTGTATTACTGTGCGAGAGA
VH1.36A*01bc,VH1.36A*01,VH1.36A,IGHV1,IGHV,36,A,bc,F,T,T,F,tableS2,Known,,,0/0,53,11,,,VH1.36,CAGGTCCAGCTGGTGCAGTCCGGGGCTGAGGTGAAGAAGCCTGGGGCCTCAGTGAAGGTTTCCTGCAAGGCTTCTGGATTCACCTTCGGCAGCTATGCTATCAGCTGGGTGCGACAGGCCCCTGGACAAGGGCTTGAGTGGATGGGAGTGATCATCCCTCTTGTTGGTATAACAAACTACGCAGAGAAGTTCCAGGGCAGAGTCACGATTACCGCGGACACGTCCACAAGCACAGCCTACATGGAGCTGAGCAGCCTGAGATCTGAGGACACGGCCGTGTATTACTGTGCGAGAGG
VH1.36A*02c,VH1.36A*02,VH1.36A,IGHV1,IGHV,36,A,c,F,F,T,F,tableS2,Novel allele,,,3/0,22,5,,,VH1.36,CAGGTCCAGCTGGTGCAGTCTGGGGCTGAGGTGAAGAAGCCTGGGGCCTCAGTGAAGGTTTCCTGCAAGGCTTCTGGATTCACCTTTGGCAGCTATGCTATCAGCTGGGTGCGACAGGCCCCTGGACAAGGGCTTGAGTGGATGGGAGTGATCATCCCTCTTGTTGGTGTAACAAACTACGCAGAGAAGTTCCAGGGCAGAGTCACGATTACCGCGGACACGTCCACAAGCACAGCCTACATGGAGCTGAGCAGCCTGAGATCTGAGGACACGGCCGTGTATTACTGTGCGAGAGG
VH1.36B*01c,VH1.36B*01,VH1.36B,IGHV1,IGHV,36,B,c,F,F,T,F,table2,Novel gene,VH1.36,,8/0,4,20,,,,CAGGTCCAGCTGGTGCAGTCCGGGGCTGAGGTGAAGAAGCCTGGGGCCTCAGTGAAGCTCTCCTGCAAGGCTTCTGGATTCACCTTCAGCATCTATGCCATCAGTTGGGTGCGACAGGCCCCTGGACAAGGGCTTGAGTGGATGGGAGAGATCATCCCTCTTGTTGGTATAACAAACTACGCACAGAAGTTCCAGGGCAGAGTCACGATTACCGCGGACACGTCCACAAGCACAGCCTACATGGAGCTGAGCAGCCTGAGATCTGAGGACACGGCCGTGTATTACTGTGCGAGAGG
VH1.36B*02c,VH1.36B*02,VH1.36B,IGHV1,IGHV,36,B,c,F,F,T,F,table2,Novel allele,VH1.36,,9/0,5,25,,,,CAGGTCCAGCTGGTGCAGTCCGGGGCTGAGGTGAAGAAGCCTGGGGCCTCAGTGAAGCTCTCCTGCAAGGCTTCTGGATACACCTTCAGCATCTATGCCATCAGTTGGGTGCGACAGGCCCCTGGACAAGGGCTTGAGTGGATGGGAGGGATCATCCCTCTTGTTGGTATAACAAACTACGCACAGAAGTTCCAGGGCAGAGTCACGATTACCGCGGACACGTCCACAAGCACAGCCTACATGGAGCTGAGCAGCCTGAGATCTGAGGACACGGCCGTGTATTACTGTGCGAGAGG
VH1.53A*01bc,VH1.53A*01,VH1.53A,IGHV1,IGHV,53,A,bc,F,T,T,F,tableS2,Known,,,0/0,39,9,,,VH1.53,GAGGTCCAGCTGGTGCAGTCTGGGGCTGAGGTGAAGAAGCCTGGGGCCTCCGTGAAAATCTCCTGCAAGGCTTCTGGATACACCTTCACCGACTACTACCTGCACTGGGTGCGACAGGCTCCTGGAAAAGGGCTTGAGTGGATGGGACGTGTTGATCCTGAAGATGGTGAAGCAATACACGCACAGAAGTTCCAGGACAGAGTCACCATCACCGCGGACACGTCTACAGACACAGCCTACATGGAGCTGAGCAGCCTGAGATCTGAGGACACGGCCGTGTATTACTGTGCAACAGA
VH1.53B*01c,VH1.53B*01,VH1.53B,IGHV1,IGHV,53,B,c,F,F,T,F,table2,Novel gene,VH1.53,,9/0,7,30,,,,GAGGTCCAGCTGGTACAGTCTGGGGCTGAGGTGAAGAAGCCTGGGGCCTCCGTGAAAATCTCCTGCAAGGCTTCTGGATACACCTTCACCGACCACTACCTGCACTGGGTGCGACAGGCTCCTGGAAAAGGGCTTGAGTGGATGGGAGGTGTTGATCCTGAAGATGGTGAAGCAGACTACGCACAGAAGTTCCAGGACAGAGTCACCATCACCGCGGACATGTCTACAGACACAGCCTACATGGAGCTGAGCAGCCTGAGATCTGAGGACACGGCCGTGTATTACTGTGCAAGAGA
VH1.59A*01b,VH1.59A*01,VH1.59A,IGHV1,IGHV,59,A,b,F,T,F,F,,,,,,,,,,,GAGGTCCAGCTGGTGCAGTCTGGGGCTGAAGTGAAGAAGCCTGGGGCCTCAGTGAAGGTCTCCTGCAAGGTTTCCGGATACACCTTCACCGAATTATCCATGCACTGGGTGCGACAGGCCCCTGGAAAAGGGCTTGAGTGGATGGGAGGTGTTGATCCTGTATATGGTGAAATAATACACGCAGAGAAGTTCCAGGGCAGAGTCACCATGACCGAGGACACGTCTACAGACACAGCCTACATGGAGCTGAGCAGCCTGAGATCTGAGGACACGGCCGTGTATTACTGTGCGAGA
VH1.67A*01c,VH1.67A*01,VH1.67A,IGHV1,IGHV,67,A,c,F,F,T,F,table2,Novel gene,Human_IGHV1-8*02b,,26/0,5,23,,,,CCAGCTGGTGCAATCCGGGGCTGAGGTGAAGAAGCCTGGGACCTCAGTGAAGCTCTCCTGCAAAGCTTCTGGTTACACCTTTACCAGCTACTATATAAACTGGGTGAGACAGGCCCCTGGACAAGTGCTTGAGTGGATGGGATGGATTAACCCTAGCAATGGTAATACAGGCTACGCACAGAAGTTCCAGGGCAGAGTCACCATGACCAGGGACACGTCCACGAGTACAGCCTACATGGAGCTGAACAGCCTGAGATCTGAGGACACGGCCGTGTATTACTGTGCAAGAGG
VH1.67A*02c,VH1.67A*02,VH1.67A,IGHV1,IGHV,67,A,c,F,F,T,F,table2,Novel allele,Human_IGHV1-8*02b,,27/0,8,38,,,,CAGGTCCAGCTGGTGCAATCCGGGGCTGAGGTGAAGAAGCCTGGGGCCTCAGTGAAGCTCTCCTGCAAGGCTTCCGGTTATACTTTTACCAGCTACAGTATAAACTGGGTGAGACAGGCCCCTGGACAAGGACTTGAGTGGATGGGATGGATTAACCCTAGCAATGGTAATACAGGCTACGCACAGAAGTTCCAGGGCAGAGTCACCATGACCAGGGACACGTCCACGAGTACAGCCTACATGGAGCTGAGCAGCCTGAGATCTGAGGACACGGCCGTGTATTACTGTGCAAGAGG
VH1.AA*01b,VH1.AA*01,VH1.AA,IGHV1,IGHV,,AA,b,F,T,F,F,,,,,,,,,,,CAGGTCCAGCTGGTGCAGTCCTGGGCTGACGCGCACACCCCTGGGGCCTCAGCTCTCATACAAGGCTTCTGGTTACACCTTTACCAGCTACTATATAAACTGGGTGAGACGTGAAAGGCCCCTGAACAAGTGCTTGACTGGATGGGATGGATTAACCCTAGCAATGGTAATACAGGCTACGCACAGAAGTTCCAGGGCAGAGTCACCATGACCAGGGACACGTCCACAAGCACAGCCTACATGGAGCTGAACAGCCTGAGATCTGAGGACACGGCGTGTATTACTGTGCGAGAGA
VH2.3A*01ab,VH2.3A*01,VH2.3A,IGHV2,IGHV,3,A,ab,T,T,F,F,,,,,,,,,,,CAGGTCACCTTGAAGGAGTCTGATCCTGCGCTAGTGAAACCCACACAGACCCTCACGCTGACCTGCACCTTCTCTGGGTTCTCACTCAGCACTTCTGGAATGGGTGTGGACGGGATCCGTCAGCCCCCAGGGAAGGCCCTGGAGTGGCTTGCACGCATTGATTGGGATGATGATAAATACTACAGCCCATCGCTGAAGAGCAGGCTCACCATCTCCAAGGACACCTCCAAGAACCAGGTTGTCCTTACAATGACCAACATGGACCCTGTGGACACAGCCACATATTACTGTGCACGGAGAC
VH2.12A*01abc,VH2.12A*01,VH2.12A,IGHV2,IGHV,12,A,abc,T,T,T,F,tableS2,Known,,,0/0,32,9,,,IGHV2-1*01|VH2.12,CAGGTGACCTTGAAGGAGTCTGGTCCTGCGCTGGTGAAACCCACACAGACCCTCACGCTGACCTGCACCTTCTCTGGGTTCTCACTCAGCACTAGTGGTATGGGTGTGGGCTGGATCCGTCAGCCCTCACGGAAGACCCTGGAGTGGCTTGCACACATTTATTGGGATGATGATAAGCGCTACAGCACATCTCTGAAGAGCAGGCTCACCATCTCCAAGGACACCTCCAAAAACCAGGTGGTTCTAACAATGACCAACATGGACCCTATGGACACAGCCACATATTACTGTGCACGGAGAC
VH2.12A*02c,VH2.12A*02,VH2.12A,IGHV2,IGHV,12,A,c,F,F,T,F,tableS2,Novel allele,,,1/0,5,1,,,IGHV2-1*01|VH2.12,CAGGTGACCTTGAAGGAGTCTGGTCCTGCGCTGGTGAAACCCACACAGACCCTCACGCTGACCTGCACCTTCTCTGGGTTCTCACTCAGCACTAGTGGTATGGGTGTGGGCTGGATCCGTCAGCCCTCACGGAAGACCCTGGAGTGGCTTGCACACATTTATTGGGATGATGATAAGCGCTACAGCACATCTCTGAAGAGCAGGCTCACCATCTCCAAGGACACCTCCAAAAACCAGGTGGTTCTAACAATGACCAACATGGACCCTGTGGACACAGCCACATATTACTGTGCACGGAGAC
VH2.12A*03c,VH2.12A*03,VH2.12A,IGHV2,IGHV,12,A,c,F,F,T,F,tableS2,Novel allele,,,2/0,22,5,,,IGHV2-1*01|VH2.12,CAGGTGACCTTGAAGGAGTCTGGTCCTGCGCTGGTGAAACCCACACAGACCCTCACGCTGACCTGCACCTTCTCTGGGTTCTCACTCAGCACTAGTGGTATGGGTGTGGGCTGGATCCGTCAGCCCTCACGGAAGACCCTGGAGTGGCTTGCACACATTTATTGGGATGATGATAAGCGCTACAGCACATCTCTGAAGAGCAGGCTCACCATCTCCAAGGACACCTCCAAAAACCAGGTGGTTCTGACAATGACCAACATGGACCCTGTGGACACAGCCACATATTACTGTGCACGGAGAC
VH2.12A*04c,VH2.12A*04,VH2.12A,IGHV2,IGHV,12,A,c,F,F,T,F,tableS2,Novel allele,,,5/0,6,2,,,IGHV2-1*01|VH2.12,CAGGTCACCTTGAAGGAGTCTGGTCCTGCGCTGGTGAAACCCACACAGACCCTCACGCTGACCTGCACCTTCTCTGGGTTCTCACTCACCACTAGTGGAATGGGTGTGAGCTGGATCCGTCAGCCCTCACGGAAGACCCTGGAGTGGCTTGCACACATTTATTGGGATGATGATAAGCGCTACAGCACATCTCTGAAGAGCAGGCTCACCATCTCCAAGGACACCTCCAAAAACCAGGTGGTTCTAACAATGACCAACATGGACCCTGTGGACACAGCCACATATTACTGTGCACGGAGAC
VH2.12B*01c,VH2.12B*01,VH2.12B,IGHV2,IGHV,12,B,c,F,F,T,F,table2,Novel gene,IGHV2-1*01|VH2.12,,11/0,4,13,,,,CAGGTCACCTTGAAGGAGTCTGGTCCTGCGCTCGTGAAACCCACACAGACCCTCACGCTGACCTGCACCTTCTCTGGGTTCTCACTCACCACTAGTGGAATGGGTGTGGGCTGGATCCGTCAGCCCCCAGGGAAGGCCCTGGAGTGGCTGGCACTCATTTATTGGGATGATGATAAGCGCTACAGCACATCTCTGAAGAGCAGGCTCACCATCTCCAAGGACACCTCCAAAAACCAGGTGGTTCTAACAATGACCAACATGGACCCTATGGACACAGCCACATATTACTGTGCACGGGGAG
VH2.12B*02c,VH2.12B*02,VH2.12B,IGHV2,IGHV,12,B,c,F,F,T,F,table2,Novel allele,Human_IGHV2-5*02b,,14/0,1,5,,,,CAGGTCACCTTGAAGGAGTCTGGTCCTGCGCTCGTGAAACCCACACAGACCCTCACGCTGACCTGCACCTTCTCTGGGTTCTCACTCACCACTAGTGGAATGGGTGTGGGCTGGATCCGTCAGCCCCCAGGGAAGGCCCTGGAGTGGCTGGCACTCATTTATTGGGATGATGATAAGCGCTACAGCACATCTCTGAAGAGCAGGCTCACCATCTCCAAGGACACCTCCAAAAACCAGGTTGTCCTTACAATGACCAACATGGACCCTGTGGACACAGCCACATATTACTGTGCACGGGGAG
VH2.12B*03c,VH2.12B*03,VH2.12B,IGHV2,IGHV,12,B,c,F,F,T,F,table2,Novel allele,IGHV2-1*01|VH2.12,,14/0,5,24,,,,CAGGTCACCTTGAAGGAGTCTGGTCCTGCGCTGGTGAAACCCACACAGACCCTCACGCTGACCTGCACCTTCTCTGGGTTCTCACTCACCACTAGTGGTATGGGTGTGGGCTGGATCCGTCAGCCCCCAGGGAAGGCCCTGGAGTGGCTGGCACTCATTTATTGGGATGATGATAAGCGCTACAGCACATCTCTGAAGAGCAGGCTCACCATCTCCAAGGACACCTCCAAGAACCAGGTTGTCCTTACAATGACCAACATGGACCCTGTGGACACAGCCACATATTACTGTGCACGGGGAG
VH2.25A*01bc,VH2.25A*01,VH2.25A,IGHV2,IGHV,25,A,bc,F,T,T,F,tableS2,Known,,,0/0,50,10,,,VH2.25,CAGGTGACCTTGAAGGAGTCTGGTCCTGCGCTGGTGAAACCCACACAGACCCTCACGCTGACCTGCACCTTCTCTGGGTTCTCACTCAGCACTAGTGGTATGGGTGTGGGCTGGATCCGTCAGCCCCCAGGGAAGGCCCTGGAATGGCTTGCAAGCATTTATTGGGATGATGATAAATACTACAGCACATCTCTGAAGAGCAGGCTCACCATCTCCAAGGACACCTCCAAAAACCAGGTGGTTCTAACAATGACCAACATGGACCCTGTGGACACAGCCACATATTACTGTGCACGGGTAC
VH2.25A*02c,VH2.25A*02,VH2.25A,IGHV2,IGHV,25,A,c,F,F,T,F,tableS2,Novel allele,,,7/0,23,5,,,VH2.25,CAGGTGACCTTGAAGGAGTCTGGTCCTGCGCTGGTGAAACCCACACAGACCCTCACGCTGACCTGCACCTTCTCTGGGTTCTCAATCAGCACTACTGGAACGGGTGTGAGCTGGATCCGTCAGCCCCCAGGGAAGGCCCTGGAATGGCTTGCAAGCATTTATTGGGATGATGATAAATACTACAGCACATCTCTGAAGAGCAGGCTCACCATCTCCAAGGACACCTCCAAAAACCAGGTGGTTCTAACAATGACCAACATGGACCCTGTGGACACAGCCACATATTACTGTGCACGGGGAG
VH2.70A*01c,VH2.70A*01,VH2.70A,IGHV2,IGHV,70,A,c,F,F,T,F,table3,Novel gene,VH2.25,,11/0,8,28,chr7.unlocalized,NW_001122026.1:166-466,,CAGGTCACCTTGAAGGAGTCTGGTCCTGCGCTCGTGAAACCCACACAGACCCTCACGCTGACCTGCACCTTCTCTGGGTTCTCAATCAGCACTACTGGAACAGGTGTGGGCTGGATCCGTCAGCCCCCAGGGAAGGCCCTGGAATGGCTTGCAAGCATTTATTGGAATGATAGTAAATACTACAGCACATCGCTGAAGAGCAGGCTCACCATCTCCAAGGACACCTCCAAAAACCAGGTGGTTCTAACAATGACCAACATGGACCCTGTGGACACAGCCACATATTACTGTGCACGGGTAC
VH2.70A*02c,VH2.70A*02,VH2.70A,IGHV2,IGHV,70,A,c,F,F,T,F,table3,Novel allele,VH2.25,,13/0,3,11,chr7.unlocalized,NW_001122026.1:166-466,,CAGGTCACCTTGAAGGAGTCTGGTCCTGCGCTCGTGAAACCCACACAGACCCTCACGCTGACCTGCACCTTCTCTGGGTTCTCAATCAGCACTACTGGAACAGGTGTGGGCTGGATCCGTCAGCCCCCAGGGAAGGCCCTGGAATGGCTTGCAAGCATTTATTGGAATGATAGTAAATACTACAGCACATCGCTGAAGAGCAGGCTCACCATCTCCAAGGACACCTCCAAGAACCAGGTGGTTCTGACAATGACCAACATGGACCCTGTGGACACAGCCACATATTACTGTGCACGGGTAC
VH2.71A*01c,VH2.71A*01,VH2.71A,IGHV2,IGHV,71,A,c,F,F,T,F,table3,Novel gene,VH2-2*01|VH2.3,,9/0,10,31,Unplaced,NW_001149230.1:276-576,,CAGGTGACCTTGAAGGAGTCTGGTCCTGCGCTAGTGAAACCCACACAGACCCTCACGCTGACCTGCACCTTCTCTGGGTTCTCACTCAGCACTTCTGGAATGCGTGTGAGCTGGATCCGTCAGCCCCCAGGAAAGGCCCTGGAGTGGCTTGCACGCATTGATTGGGATGATGATAAATACTACAGCACATCTCTGAAGAGCAGGCTCACCATCTCCAAGGACACCTCCAAGAACCAGGTTGTCCTTACAATGACCAACATGGACCCTGTGGACACAGCCACATATTACTGTGCACGGAGAC
VH3.2A*01ab,VH3.2A*01,VH3.2A,IGHV3,IGHV,2,A,ab,T,T,F,F,,,,,,,,,,,GAGGTGCAGTTGGTGGAGTCTGGGGGAGGCTTGGTACAGCCTGGGGGCTCCCTGAGACTCTCTTGTACAGGCTCTGGATTCACCTTCAGTAGCTACTACATGTACTGGGTCCGCCAGGCTCCAGGGAAGGGGCTGGAGTGGGTCTCAGCTATTAATACTGGTGGGGGTAGCACATGGTACACAGACTCCGTGAAGGGCCGATTCACCATCTCCAAAGAGAACGCCAAGAACACACTGTATCTTCAAATGGACAGCCTGAGAGCTGAGGACACGGCTGTCTATTACTGTGCGAAAGACA
VH3.4A*01ab,VH3.4A*01,VH3.4A,IGHV3,IGHV,4,A,ab,T,T,F,F,,,,,,,,,,,GAGGTGCAGCTGGTGGAGTCTGGGGGAGGCCTGGTACAGCCTGGCCGGTCCCTGAGACCCTCCTGTGCAGCCTCTGGATTCACTTTCAGTAGCTATGGCATGCACTGGGTCCGCCAGGCTCCGGAAGAGGGGCTGGTGTGGGTTTCATACATTGGTAGTAGTACCATGTACTACGCAGACTCCGTGAAGGGCCGATTCACCATCTCCAGAGACAATGCCAAGAACTCGCTGTATCTGCAAATGAACAGCCTGAGAGCCGAGGACACGGCTGTGTATTACTGTGTGAGAGA
VH3.5A*01ab,VH3.5A*01,VH3.5A,IGHV3,IGHV,5,A,ab,T,T,F,F,,,,,,,,,,,GAGGTGCAGCTGGTGGAGTCTGGGGGAGGCTTGGTGCAGCCTGGGGGGTCCCTGAGACTCTCCTGTGCAGCCTCTGGATTCACCTTCAGTAACTACTACATGCACTGGGTCCGCCAGGCTCAAGGGAAAGGGCTAGAGTGGGTAGGTTTAATAAGAAACAAAGCTAACAGTTACACGACAGAATATGCTGCGGCTGTGAAAGGCAGATTCACCATCTCAAGAGATGATTCAAAGAACACGCTGTATCTGCAAATGAGCAGCCTGAAAACCGAGGACACAGCCCTGTATTACTGTACTAAA
VH3.5A*02c,VH3.5A*02,VH3.5A,IGHV3,IGHV,5,A,c,F,F,T,F,tableS2,Novel allele,,,1/0,37,10,,,IGHV3-20*01|VH3.5,GAGGTGCAGCTGGTGGAGTCTGGGGGAGGCTTGGTGCAGCCTGGGGGGTCCCTGAGACTCTCCTGTGCAGCCTCTGGATTCACCTTCAGTAACTACTACATGCACTGGGTCCGCCAGGCTCAAGGGAAAGGGCTAGAGTGGGTAGGTTTAATAAGAAACAAAGCTAACAGTTACACGACAGAATATGCTGCGGCTGTGAAAGGCAGATTCACCATCTCAAGAGATGATTCAAAGAACACGCTGTATCTGCAAATGAGCAGCCTGAAAACCGAGGACACAGCCGTGTATTACTGTACTAAA
VH3.6A*01ab,VH3.6A*01,VH3.6A,IGHV3,IGHV,6,A,ab,T,T,F,F,,,,,,,,,,,GAGGTGCAGCTGGTGGAGTCTGGGGGAGGCTTGGTCCAGCCTGGGGGATCCCTGAGACTCTCCTGTGCAGCCTCTGGATTCACCTTCAGTAACTACTGGATGAGCTGGGTCCGCCAGGCTCCAGGGAAGGGGCTGGACTGGGTTGGATTTATTAAAAACAAAGCTGATGGTGGAACAGCAGCATACGCCGAATCTGTGAAAGGCAGATTCACCATCTCAAGAGATGATTCAAAGAACACACTGTATCTGCAAATGAGCAGCCTGAACACCGAGGACACGGCCGTGTATTACTGTACTAGAGA
VH3.8A*01ab,VH3.8A*01,VH3.8A,IGHV3,IGHV,8,A,ab,T,T,F,F,,,,,,,,,,,GAGGTGCAGCTGGTGGAGTCTGGGGGCGGCTTGGCAAAGCCTGGGGGGTCCCTGAGACTCTCCTGTGCAGCCTCTGGATTCACCTTCAGTAACTACTGGATGCACTGGGTTCGCCAGGCACCAGGGAAGGGGCTGGAGTGGATCTCAGCTATTAATAGTGCTGGTAGTAGCACATACTATGCAGACTCCGTGAAGGGCAGATTCACCATCTCCAGAGAGAACGCCAAGAACACACTGTATCTTCAAATGGACGGCCTGAGAGCTGAGGACACGGCTGTCTATTACTGTGCGGGAGA
VH3.8A*02c,VH3.8A*02,VH3.8A,IGHV3,IGHV,8,A,c,F,F,T,F,tableS2,Novel allele,,,1/0,12,4,,,IGHV3-14*01|VH3.8,GAGGTGCAGCTGGTGGAGTCTGGGGGCGGCTTGGCAAAGCCTGGGGGGTCCCTGAGACTCTCCTGTGCAGCCTCTGGATTCACCTTCAGTAGCTACTGGATGCACTGGGTTCGCCAGGCACCAGGGAAGGGGCTGGAGTGGATCTCAGCTATTAATAGTGCTGGTAGTAGCACATACTATGCAGACTCCGTGAAGGGCAGATTCACCATCTCCAGAGAGAACGCCAAGAACACACTGTATCTTCAAATGGACGGCCTGAGAGCTGAGGACACGGCTGTCTATTACTGTGCGGGAGA
IGHV3-9A*01ac,IGHV3-9A*01,IGHV3-9A,IGHV3,IGHV,9,A,ac,T,F,T,F,tableS2,Known,,,0/0,35,8,,,IGHV3-9*01:F,GAGGTGCAGCTGGTGGAGTCTGGGGGCGGCTTGGCAAAGCCTGGGGGGTCCCTGAGACTCTCCTGCGCAGCCTCCGGATTCACCTTCAGTGACTACTACATGGACTGGGTCCGCCAGGCTCCAGGGAAGGGGCTGGAGTGGGTCTCACGTATTAGTAATGGTGGTGGTAGCACATGGTACGCAGACTCCGTGAAGGGCAGATTCACCATCTCCAGAGAGAACGCCAAGAACACACTGTATCTTCAAATGAACAGCCTGAGAGCTGAGGACACGGCTGTCTATTACTGTGCGAAAGA
IGHV3-9A*02c,IGHV3-9A*02,IGHV3-9A,IGHV3,IGHV,9,A,c,F,F,T,F,tableS2,Novel allele,,,1/0,17,4,,,IGHV3-9*01:F,GAGGTGCAGCTGGTGGAGTCTGGGGGCGGCTTGGCAAAGCCTGGGGGGTCCCTGAGACTCTCCTGCGCAGCCTCCGGATTCACCTTCAGTGACTACTACATGGACTGGGTCCGCCAGGCTCCAGGGAAGGGGCTGGAGTGGGTCTCACGTATTAGTAATGGTGGTGGTAGCACATGGTACGCAGACTCCGTGAAGGGCAGATTCACCATCTCCAGAGAGAACGCCAAGAACACACTGTATCTTCAAATGAACAGCCTGAGAGCTGAGGACACGGCTGTCTATTACTGTGCGAGAGA
VH3.9A*01ab,VH3.9A*01,VH3.9A,IGHV3,IGHV,9,A,ab,T,T,F,F,,,,,,,,,,,GAGGTGCAGCTGGTGGAGTCTGGGGCAGGCTTGGTCCAGCCTGGCGGGTCCCTGAGACTCTCCTGTGCAGCCTCTGGATTCACCTTCAGTAACTCCTGGATGAGCTGGGTCCGCCAGGCTCCAGGCAAGGGGCTAGAGTGGGTTGCCCGTATTAAAAGGAAAGCTGACGGTGAGACAGCAGATTACGCCGCATCTGTGAAAGGCAGATTCACCATCTCAAGAGACGATTCAAAGAACACACTGTACCTGCAAATGAACAGCCTGAAAACCGAGGACACGGCCGTGTATTACTGCACCACAGA
VH3.9B*01c,VH3.9B*01,VH3.9B,IGHV3,IGHV,9,B,c,F,F,T,F,table2,Novel gene,IGHV3-13*01|VH3.9,,13/0,2,7,,,,GAGGTGCAGCTGGTGGAGTCTGGGGGAGGCTTGGTCCAGCCTGGGGGGTCCCTGAGGCTCTCCTGTGCAGCCTCTGGATTCACCTTCAGTAACGTCTGGATGAACTGGGTCCGCCAGGCTCCAGGGAAGGGGCTAGAGTGGGTTGCCCGTATTAAAAGCAAAGCTGATGGTGGAACAGCAGATTACGCCGCGTCTGTGAAAGGCAGATTCACCATCTCAAGAGACGATTCAAAGAACACACTGTATCTGCAAATGAACAGCCTGAAAACCGAGGACACGGCCGTGTATTACTGCACCACAGA
VH3.10A*01ab,VH3.10A*01,VH3.10A,IGHV3,IGHV,10,A,ab,T,T,F,F,,,,,,,,,,,GAGGTGCAGCTGGTGGAGTCCGGGGGAGGCTTGGTCCAGCCTGGCGGGTCCCTGAGACTCTCCTGTGCAGCCTCTGGATTCACCTTCAGTGATTATGCTATGGACTGGGTCCGCCAGGCTCCAGGAAAGGGGCTGGAGTGGGTGGGTTTCATTAGAAGCAAAGCTTATGGTGGGACAGCAGAATACGCCGCGTCTGTGAAAGGCAGATTCACCATCTCCAGAGATGATTCAAAGAACACGGCGTATCTGCAAATGAGCAGCCTGAAAACCGAGGACACGGCCGTGTATTACTGTACTAGAGA
IGHV3-11*01a,IGHV3-11*01,IGHV3-11,IGHV3,IGHV,11,,a,T,F,F,F,,,,,,,,,,,GAGGTGCAGCTGGCGGAGTCTGGGGGAGGCTTGGTCCAGCCTGGGGGGTCCCTGAGACTCTCCTGTGCAGCCTCTGGATTCACCATTAGCAGCTACTGGATGAGCTGGGTCTGCCAGGCTCCGGGAAAGGGGCTGGAGTGGCTTTCAGACATTTATGGTAGTACCATGTACTACGGAGACTCTGTGAAGGGCCTATTCACCGTCTCCAGAGACAATGCCAAGAACTCGCTGTCTCTGCAAATGAACAGTCTGAGAGCCGAGGACACGGCCGTGTATTACTGTACTAGAGA
VH3.13A*01b,VH3.13A*01,VH3.13A,IGHV3,IGHV,13,A,b,F,T,F,F,,,,,,,,,,,GAGGTGCAGCTGGCGGAGTCTGGGGGAGGCTTGGTCCAGCCTGGGGGGTCCCTGAGACTCTCCTGTGCAGCCTCTGGATTCACCATTAGCAGCTACTGGATGAGCTGGGTCTGCCAGGCTCCGGGAAAGGGGCTGGAGTGGCTTTCAGACATTTATGGTAGTACCATGTACTACGGAGACTCTGTGAAGGGCCTATTCACCGTCTCCAGAGACAATGCCAAGAACTCGCTGTCTCTGCAAATGAACAGTCTGAGAGCCGAGGACACGGCCGTGTATTACTGT
VH3.14A*01ab,VH3.14A*01,VH3.14A,IGHV3,IGHV,14,A,ab,T,T,F,F,,,,,,,,,,,GAGGTGCAGCTGGTGGAGTCTGGGGGAGGCTTGGTCCAGCCTGGCGGGTCCCTGAGACTCTCCTGTGCAGCCTCTGGATTCACCTTCAGTGACGACTACATGGAGTGGGTCCGCCAGGCTCCAGGAAAGGGGCTGGAGTGGGTTGGACAAATTAATCCTAATGGGGGTACCACATTCCTCATGGATTCCGTGAAGGGCCGATTCACCATCTCCAGAGACAACGCCAAGAACACGCTTTATCTGCAAATTAACAGCCTGAAAATAGAGGACACGGCCGTGTATTACTGTACTAGACA
VH3.15A*01b,VH3.15A*01,VH3.15A,IGHV3,IGHV,15,A,b,F,T,F,F,,,,,,,,,,,GAGGTGCAGCTGGTGGAGTCTGGGGGCGGCTTGGCAAAGCCTGGGGGGTCCGACTCTCCTGCGCAGCCTCCGGATTCACCTTCAGTGACTACTACATGGACTGGGTCCGCTGACCAGGCTCCAGGGAAGGGGCTGGAGTGGGTCTCACGTATTAGTAATGGTGGTGGTAGCACATGGTACGCAGACTCCGTGAAGGGCAGATTCACCATCTCCAGAGAGAACGCCAAGAACACACTGTATCTTCAAATGAACAGCCTGAGAGCTGAGGACACGGCTGTCTATTACTGTGCGAAAGA
IGHV3-17*01a,IGHV3-17*01,IGHV3-17,IGHV3,IGHV,17,,a,T,F,F,F,,,,,,,,,,,GTGGTGCAGCTGGTGGAGTCTGAGGGAAATTTCGTGCAGCCTGGAGGGTCCCTGAGACTCTCCTGTGCAGTCTCTGGATTCACCTTTAGCAGCTGTGATTTGGACTGGATTCGCCATGCTCCAGGAAAGGGGCTGGAGTGGGTCTCTGGTATTAGTATTGCTGGTAGCACGTATTATGCAAACTCTGTAAACAGTCTATTCGCCATCTCCAGAGAAAATGCCAAAAACACACTGTATCTTCAAATGAACAGTCTGATAGCTGAGGACACAGCCATTTATTACTGTGTGAGTGAAG
VH3.17A*01ab,VH3.17A*01,VH3.17A,IGHV3,IGHV,17,A,ab,T,T,F,F,,,,,,,,,,,GAGGTGCAGCTGGTGGAGTCTGGGGGAGGCTTGGTCCAGCCTGGGGGGTCCCTGAGACTCTCCTGTGCAGCCTCTGGATTCACCTTTGGTGATTATGGCATGCACTGGGTCCGCCAGGCTCCGGGAAAGGGACTGGAGTGGGTCTCATCCATTAGTAACACTGGTAAAACCGTATACTACGCTGACTCCGTGAAGGGCCGATTCACCGTCTCCAGAGACAACGCCAAGAACTCGCTGTCTCTGCAAATGAGCAGCCTGAGAGCCGAGGACACGGCCGTGTATTACTGTACTAGAGA
VH3.18A*01abc,VH3.18A*01,VH3.18A,IGHV3,IGHV,18,A,abc,T,T,T,F,tableS2,Known,,,0/0,2,1,,,IGHV3-6*01|VH3.18,GAGGTGCAGCTGGTGGAGTCTGGGGGAGGCTTGGTCCAGCCTGGGGGGTCCCTGAGACTCTCCTGTGCAGCCTCCGGATTCACCTTCAGTGACTACTACATGTACTGGGTCCGCCAGGCTCCAGGAAAGGGGCTGGAGTGGGTGGGTTTCATTAGAAGCAAAGCTTACGGTGGGACAGCAGAATACGCCGCGTCTGTGAAAGGCAGATTCACCATCTCCAGAGATGATTCCAAAAGCATCGCCTATCTGCAAATGAGCAGCCTGAAAACCGAGGACACGGCCGTGTATTACTGTACTAGGGA
VH3.19A*01ab,VH3.19A*01,VH3.19A,IGHV3,IGHV,19,A,ab,T,T,F,F,,,,,,,,,,,GAGGTGCAGCTGGTGGAGTCTGGGGGAGGCTTGGTCCAGCCTGGCGGGTCCCTGAGACCCTCCTGTGCAGCCTCTGGATTCACCTTCAGTAGTTCTGCTATGCACTGGGTCCGCCAGGCTTCTGGGAAAGGACTGGAGTGGGTTGGACGTATTAGAAGCAAATCTAACAATTACGCGACAGAATACGCCGCATCGGTGAAAGGCAGATTCACCATCTCCAGAGATGATTCAAAGAACACGGCGTATCTGCAAATGAACAGCCTGAAAACCGAGGACACGGCCGTGTATTACTGTGCTAGAGA
IGHV3-24*01a,IGHV3-24*01,IGHV3-24,IGHV3,IGHV,24,,a,T,F,F,F,,,,,,,,,,,GAGGTGCAGCTGGTGGAGTCTGGAGGAGGCCTGGCAAAGCCTGGGGGGTCCCTGAGACTCTCCTGTGCAGCATTTGGATTCACCTTCAGTAGCTACTAGATGCACTGGGTTCACCAGGCTCCAGGGAAGTGGCTAAAGTGGGTCTCAGCTATCAGTAATGGTGGTATTAACACATACTACCCAGATTCTATGAAGGGCCAATTCACCATCTCCAGAGACACCACCAAGAACTCACTGTATCTGCAAATGAACAGCCTGAGAGTGGAGGACACGGCTGTGTATTACTGCATGAGAGA
VH3.24A*01bc,VH3.24A*01,VH3.24A,IGHV3,IGHV,24,A,bc,F,T,T,F,tableS2,Known,,,0/0,27,8,,,VH3.24,GAGGTGCAGCTAGTGGAGTCTGGGGGAGGCTTGGTCCAGCCTGGGGGGTCCCTGAGACTCTCCTGTGCAGCCTCTGGATTCACCTTCAGTAGTTACGACATGAGCTGGGTCCGCCAGGCTCTGGGAAAGGGACTGGAGTGGGTCTCATCCATTAGTAACACTGGTAAAACCATATACTACGCTGACTCCGTGAAGGGCCGATTCACCATCTCCAGAGACAACGCCAAGAACTCGCTGTCTCTGCAAATGAACAGCCTGAAAACCGAGGACACGGCCGTGTATTACTGTACTAGGGA
VH3.24B*01cd,VH3.24B*01,VH3.24B,IGHV3,IGHV,24,B,cd,F,F,T,T,,,,,,,,,,,GAGGTGCAGCTGGTGGAGTCTGGGGGAGGCTTGGTCCAGCCTGGAGGGTCCCTGAGACTCTCCTGTGCAGCCTCTGGATTCACCTTCAGTAGTTACGACATGAGCTGGGTCCGCCAGGCTCCGGGAAAGGGGCTGGAGTGGGTCTCATATATTAGTTACACTGGTAAAACCATATACTACGCTGACTCCGTGAAGGGCCGATTCACCATCTCCAGAGACAACGCCAAGAACTCGCTGTCTCTGCAAATGAGCAGCCTGAGAGCCGAGGACACGGCCGTGTATTACTGTACTAGAGA
VH3.27A*01bc,VH3.27A*01,VH3.27A,IGHV3,IGHV,27,A,bc,F,T,T,F,tableS2,Known,,,0/0,7,2,,,VH3.27,GTGGAGCAGCTGGTGGAGTCTGGGGGAGCCTTGGTACAGCCTGGGGCGTCCCTGAGACTCTCCTGTGCAGCCTCTGAATTCACCTTCAGTAGCTATGACATGCACTGGGTTCGCCAGGCTCCAGGGAAGGGTCTGGAGTGGGTATCAGCTATTAGCATTGGCGGTGGCACATACTACCCAGACTCTGTGAAGGGTCGATTCACCATCTCCAGAGACAATGCCAAGAACTCCTTGTATCTTCAAATGAACAGCCTGAGAGCTGAGGACACTGCTGTGTATTATTGTGCAAGAGA
VH3.29A*01bc,VH3.29A*01,VH3.29A,IGHV3,IGHV,29,A,bc,F,T,T,F,tableS2,Known,,,0/0,28,10,,,VH3.29,GAGGTGCAGCTGGTGGAGTCTGGGGGAGGCCTGGTCCAGCCTGGCGGGTCCCTGAGACTCTCCTGTGCAGCCTCTGGATTCACCTTCAGTAGTTCTGCTATGCACTGGGTCCGCCAGGCTTCTGGGAAAGGACTGGAGTGGGTTGGACGTATTAGAAGCAAATCTAACAATTACGAGACAGGATACGCTGCGTCGGTGAAAGGCAGGTTCACCATCTCCAGAGATGATTCAAAGAACACGGCGTATCTGCAAATGAACAGCCTGAAAACCGAGGACACGGCCGTGTATTACTGTACCACAGA
VH3.30A*01bc,VH3.30A*01,VH3.30A,IGHV3,IGHV,30,A,bc,F,T,T,F,tableS2,Known,,,0/0,43,10,,,VH3.30,GAGGTGCGGCTGGTGGAGTCTGGGGGAGGCTTGGTCCAGCCTGGCGGGTCCCTGAGACTCTCCTGTGCAGCCTCTGGATTCACCTTCAGTGACTACTACATGAGCTGGGTCCGCCAGGCTCCAGGGAAGGGGCCGGAGTGGGTAGGTTTCATTAGAAACAAAGCTAATGGTGGGACAGCAGAATACGCCGCGTCTGTGAAAGGCAGATTCACCATCTCAAGAGATGATTCCAAAAGCATTGCCAGTCTGCAAATGAACAGCCTGAAAACCGAGGACACGGCCGTGTATTACTGTGCTAGAGA
VH3.31A*01b,VH3.31A*01,VH3.31A,IGHV3,IGHV,31,A,b,F,T,F,F,,,,,,,,,,,GAGGTGCAGCTGGCGGAGTCTGGGGGAGGCTTGGTCCAGCCTGGGGGGTCCCTGAGACTCTCCTGTGCAGCCTCCGGATTCACCTTCAGTGGCTACGAAATGCACTGGGTCCGCCAGGCTCCAGGGAAGGGGCTGGAGTCCGTCTCAGTTATTGGTGGTGATAGTAGTTACACACACTACGCAGACTCTGTGAAGGGCCGATTCACCATCTCCAGAGACAACGCCAAGAACTCGCTGTCTCTGCAAATGAACAGCCTGAGAGCCGAGGACACGGCCGTGTATTACTGTGCGAGACA
VH3.32A*01b,VH3.32A*01,VH3.32A,IGHV3,IGHV,32,A,b,F,T,F,F,,,,,,,,,,,GAGGTGCAGCTGGTGGAGTCTGGGGGCGGCTTGGCAAAGCCTGGGGGGTCCCTGAGACTCTCCTGTGCAGCCTCTGGATTCACCTTCAGTAGCTACTGGATGAATTGGGTCCGCCAGACTCCAGGGAAGGGGCTGGAGTGGATCTCAGCTATTAATAGTGGTGGGGGTAGCACATACTACGCAGACTCCGTGAAGGGCCGATTCACCATCTCCAGAGACAACTCCAAGAACACGCTCTCCCTGCAAATGAACAGCCTGAGAGCTGAGGACA
VH3.33A*01b,VH3.33A*01,VH3.33A,IGHV3,IGHV,33,A,b,F,T,F,F,,,,,,,,,,,GACGTGCAGCTGGTGGAGTCTGGGGGAGGCTTGGTAAAGCCTGGGGGGTCCCTGAGACTCTCTTGTGTAGCCTCTGGGTTCACCTTCAGTAGCTACGAAATGCACTGGGTCCGCCAGGCTCCAGGAAAGGGTCTGGAGTGGGTCTCAGTTATTAGTGAAAGTGGTGGTACCACATACTACGCAGACTCCGTGAAGGGCCGATTCACCATCTCCAGAGACAACGCCAAGAACTCACTGTTTCTGCAAATGAACAGCCTGAGAGCCGAGGACACGGCCGTGTATTACTGTACTAGAGA
VH3.41A*01b,VH3.41A*01,VH3.41A,IGHV3,IGHV,41,A,b,F,T,F,F,,,,,,,,,,,GAGGTGCAGCTGGTGGAGTCTGGGGGCGGCCTGGTAAAGCCTGGGGGGTCCCTGAGACTCTCCTGCGCAGCCTCTGGATTCACCTTCAGTGACTACTACATGCACTGGGTCCGCCAGGCTTCAGGGAAGGGGCTGGAGTGGGTCTCACGTATTAGTAATGGTGGTGGTAGCACATGGTACGCAGACTCCGTGAAGGGCAGATTCACCATCTCCAGAGAGAACGCCAAGAACACACTGTATTTTCAAATGGACAGCCTGAGAGCTGAGGACACGGCTGTCTATTACTGTGCGAGAGA
VH3.42A*01b,VH3.42A*01,VH3.42A,IGHV3,IGHV,42,A,b,F,T,F,F,,,,,,,,,,,GAGGCGCAGCTGATGGAAACTGGCGGAGGCTTGGTACAGCCTGGGGGGTCCCTGAGACTCTCCTGTGCAGACTCTGGATTCACCTTCAGTGACCACTACATGCAGTGGGTCCGCCAGGCTCCAGGGAAGGGGTTGGAGTGGGTAGGATTAATTAGAAACAAAGCTGATGGTGAGACAACAGACTATGCTGCATCTGTGAAAGGCAGATTCACCATCTCCAGAGATGATTCGAAAAGCATCACCTATCTGCAAATGAACAACCTGAAAACCGAGGACACGGCCGTGTATTACTGTGCGAGGAA
VH3.44A*01b,VH3.44A*01,VH3.44A,IGHV3,IGHV,44,A,b,F,T,F,F,,,,,,,,,,,GAGGTGCAGCTGGTGGAGTCTGGAGGAGGCTTGGTTCAGCCTGGGGGGTCCCTGAGACTCTCCTGTGCAGCCTCTGGATTCACCTTCAGTAGCTATGGCATGCACTGGGTCCGCCAGGCTCCAGGGAAGGGGCTGGAGTGGGTGGCAGTTATATGGTATGATGGAAGTAAGAAATACTACGCAGACTCTGTGAAGGACCGATTCACCATCTCCAGAGACAATTCCAAGAACATGCTATATCTTCAAATGAACAACCTGAAATTGGAGGACACGGCCGTGTATTACTGTGCGAGAGA
VH3.45A*01b,VH3.45A*01,VH3.45A,IGHV3,IGHV,45,A,b,F,T,F,F,,,,,,,,,,,GAGGTGCAGCTGGTGGAGTCTGGGGGAGGCTTGGTACAGCCTGGGGGGTCCCTGAGACTCTCCTGTACAGCCTCTGGATTCACCTTCAGTAGCACCAGGATAAACTGGATCCGACAGTCTCCAGGGAAGAGGCTGGAGTGGGTGGCCGACATAAAGTACGATGGAAGTGAGAAATACTATGTAGACTCTGTGAAGGGCCGATTCACTATCTCCAGAGACAATGCCAAGAACTCCCTCTATCTGCAAATGAACAGCCTGAGAGCTGAGGACACAGCCGTGTATTACTGTGTGAGAGA
VH3.47A*01b,VH3.47A*01,VH3.47A,IGHV3,IGHV,47,A,b,F,T,F,F,,,,,,,,,,,GAGGTGCAGCTGGTGGAGTCTGGGGGCGGCTTGGCACAGCCTGGGGGGTCCCTGAGACTCTCCTGTGCAGCCTCTGGATTCACCTTCAGTGACCACTACATGGACTGGGTCCGCCAGGCTCCAGGGAAGGGCCTGGAGTGGGTTAGCCGTATTAGAAACAAAGCTAACAGTTACACAACAGAATACGCCGCGTCTGTGAAAGGCAGATTCACCATCTCAAGGGATGATTCAAAGAACACACTGTATCTGCAAATGAGCAGCCTGAAAACCGAGGACACGGCTGTGTATTACTGTGCTAGAGA
VH3.48A*01b,VH3.48A*01,VH3.48A,IGHV3,IGHV,48,A,b,F,T,F,F,,,,,,,,,,,GAGGTGCAGCTGGTAGAGTCTGGGGGAGGCTTGGTCCAGCCTGGCGGGTCCCTGAGGCTCTCCTGTGCAACCTCTGGATTCACCTTCAGTAACTACTGGATGTTCTGGGTCCGCCAGGCTCCAGGGAAGGGGCTGGAGTGGGTCTCAAGTATTAGTGGTAGCAGTAGTAGCACATACTACCCAGACTCTGTCAAGGGCCGATTTACCATCTCCAGAGACAACGCCAAGAACACGCTGTATCTGCAAATGAACAGCCCGAGAGCCGAGGACACGGCTGTCTATTACTGTGCGAGAGA
VH3.49A*01b,VH3.49A*01,VH3.49A,IGHV3,IGHV,49,A,b,F,T,F,F,,,,,,,,,,,GAGGTGCAGCTGGTGGCGTATGGGGGAGGCTTGGAACAGCCTGGGGGGTCCCTGAGACTCTCCTGTGGATTCACCTTCAGTGACCACTACATGAGCTGGGTCCGCCAGGCTCCAGGGAAGGGGCCGGAGTGGGTAGGTTTCATGAGAAACAAAGCTAATGGTGGAACAACAGAATACGCCACGTCTGTGAAAGGCAGATTCACTATCTCAAGAGCTGATTCCAAAAGCATGGCCAGTCTGCAAATGAGCAGCCTGAAAACCGAGGACACGGCCGTGTATTACTGTGCCAGAAG
VH3.50A*01b,VH3.50A*01,VH3.50A,IGHV3,IGHV,50,A,b,F,T,F,F,,,,,,,,,,,GAGGTGCAGCTGGTAGAGTCTGGGGGAGGCTTGGTCCAGCCTGGCGGGTCCCTGAGACTCTCCTGTGCAGCCTCTGGATTCACCTTCAGTAACTACTGGATGTTCTGGGTCCGCCAGGCTCCAGGGAAGGGGCTGGAGTGGGTCTCAAGTATTAGTGGTAGCAGTAGTAGCACATACTACCCAGACTCTGTCAAGGGCCGATTCACCATCTCCAGAGACAACGCCAAGAACACGCTGTATCTGCAAATGAACAGCCTGAGAGCTGAGGACACGACTGTCCATTACTGTGCGAGAGA
VH3.54A*02c,VH3.54A*02,VH3.54A,IGHV3,IGHV,54,A,c,F,F,T,F,tableS2,Novel allele,,,1/0,4,2,,,VH3.54,GAGGTGCAGCTGGTGGAGTCTGGGGGAGGCTTGGTCCAGCCTGGGGGATCCCTGAGACTCTCCTGTGCAGCCTCTGGATTCACCTTCAGTAACTACTGGATGAACTGGGTCCGCCAGGCTCCAGGGAAGGGGCTGGAGTGGGTTGGATTTATTAAAAACAAAGCCGATGGTGGAACAGCAGCATACGCCGAATCTGTGAAAGGCAGATTCACTATCTCAAGAGATGATTCAAAGAACACACTGTACCTGCAAATGAACAGCCTGAAAACCGAGGACACGGCCGTGTATTACTGTACTAGAGG
VH3.58A*01bc,VH3.58A*01,VH3.58A,IGHV3,IGHV,58,A,bc,F,T,T,F,tableS2,Known,,,0/0,40,9,,,VH3.58,GAGGTGCAGCTGGTGGAGTCTGGGGGCGGCTTGGCAAAGCCTGGGGGGTCCCTGAGACTCTCCTGTGCAGCCTCTGGATTCACCTTCAGTAGCTACTGGATGAATTGGGTCCGCCAGACTCCAGGGAAGGGGCTGGAGTGGATCTCAGCTATTAATAGTGGTGGGGGTAGCACATACTACGCAGACTCCGTGAAGGGCCGATTCACCATCTCCAGAGACAACTCAAAGAACACGCTCTCCCTGCAAATGAACAGCCTGAGAGCTGAGGACACGGCCGTGTATTACTGTGCTAAAGA
VH3.58A*02c,VH3.58A*02,VH3.58A,IGHV3,IGHV,58,A,c,F,F,T,F,tableS2,Novel allele,,,6/0,18,4,,,VH3.58,GAGGTGCAGCTGGTGGAGTCTGGGGGCGGCTTGGCAAAGCCTGGGGGGTCCCTGAGACTCTCCTGTGCAGCCTCTGGATTCACCTTCAGTAGCTACTGGATGAACTGGGTCCGCCAGGCTCCAGGAAAGGGGCTGGAGTGGGTCTCAGCTATTAATAGTGGTGGGGGTAGCACATACTACGCAGACTCCGTGAAGGGCCGATTCACCATCTCCAGAGACAACTCAAAGAACACGCTCTCCCTGCAAATGAACAGCCTGAGAGCGGAGGACACGGCCGTGTATTACTGTGCGAAAGA
VH3.58B*01c,VH3.58B*01,VH3.58B,IGHV3,IGHV,58,B,c,F,F,T,F,table2,Novel gene,VH3.58,,12/0,7,29,,,,GAGGTGCAGCTGGTGGAGTCTGGGGGAGGCTTGGTGCAGCCTGGGGGGTCCCTGAGACTCTCCTGTGCAGCCTCTGGATTCACCTTCAGTAGCTACTACATGTACTGGGTCCGCCAGGCTCCAGGGAAGGGGCTGGAGTGGATCTCAGCTATTAATACTGGTGGGGGTAGCACATACTACGCAGACTCCGTGAAAGGCCGATTCACCATCTCCAGAGACAACTCAAAGAACACGCTCTCCCTGCAAATGAACAGCCTGAGAGCTGAGGACACGGCCGTGTATTACTGTGCGAAAGA
VH3.58C*01c,VH3.58C*01,VH3.58C,IGHV3,IGHV,58,C,c,F,F,T,F,table2,Novel gene,VH3.58,,11/1,9,44,,,,GAGGTGCAGCTGGTGGAGTCTGGGGGCGGCTTGGCAAAGCCTGGGGGATCCCTGAGACTCTCCTGTGCAGCCTCTGGATTCACCTTCAGTAGCTATGCTATGCACTGGGTCCGCCAGGCTCCAGGGAAGGGGCTGGAGTGGGTCTCAGCTATTAGTAGTGGTGGTAGCACATACTACGCAGACTCCGTGAAGGGCCGATTCACCATCTCCAGAGACAACTCAAAGAACACGCTCTCCCTGCAAATGAACAGCCTGAGAGCTGAGGACACGGCCGTGTATTACTGTGCGAAAGA
VH3.64A*01c,VH3.64A*01,VH3.64A,IGHV3,IGHV,64,A,c,F,F,T,F,table2,Novel gene,Human_IGHV3-21*04b,,18/0,3,14,,,,GAGGTGCAGCTGGTGGAGTCTGGGGGAGGCTTGGTCCAGCCTGGAGGGTCCCTGAGACTCTCCTGTGCAGCCTCTGGATTCACCTTCAGTAGTTACGGCATGAGCTGGGTCCGCCAGGCTCCGGGAAAGGGGCTGGAGTGGGTCTCATCCATTAGTAGTGCTAGTAGTTACATATACTACGCTGACTCCGTGAAGGGCCGATTCACCATCTCCAGAGACAACGCCAAGAACTCGCTGTCTCTGCAAATGAACAGCCTGAGAGCCGAGGACACGGCCGTGTATTACTGTACTAGTGA
VH3.65A*01c,VH3.65A*01,VH3.65A,IGHV3,IGHV,65,A,c,F,F,T,F,table2,Novel gene,Human_IGHV3-11*05b,,19/0,2,10,,,,GAGGTGCAGCTGGTGGAGTCTGGGGGAGGCTTGGTCCAGCCTGGAGGGTCCCTGAGACTCTCCTGTGCAGCCTCTGGATTCACCTTCAGTGACTACTACATGAGCTGGGTCCGCCAGGCTCCGGGAAAGGGGCTGGAGTGGGTCTCATCCATTAGTAGTGCTAGTAGTTACATATACTACGCTGACTCCGTGAAGGGCCGATTCACCATCTCCAGAGACAACGCCAAGAACTCGCTGTCTCTGCAAATGAACAGCCTGAAAACCGAGGACACGGCCGTGTATTACTGTACTAGAGA
VH3.68A*01c,VH3.68A*01,VH3.68A,IGHV3,IGHV,68,A,c,F,F,T,F,table3,Novel gene,VH3.58,,19/0,6,29,chr7,NC_007864.1:169676578-169676874,,GAGGTGCAGCTGGTGGAGTCTGGAGGAGGCTTGGTCCAGCCTGGGGGGTCCCTGAGACTCTCCTGTGCAGCCTCTGGATTCACCTTCAGTAGCTATGGCATGAGCTGGGTCCGCCAGGCTCCAGGGAAGGGGCTGGAGTGGGTCTCATACATTAGTAATGGTGGTGGTAGCACATACTACGCAGACTCCGTGAAGGGCCGATTCACCATCTCCAGAGACAACTCAAAGAACACGCTCTCCCTGCAAATGAACAGCCTGAGAGCTGAGGACACGGCCGTGTATTACTGTGCGAAAGA
VH3.72A*01c,VH3.72A*01,VH3.72A,IGHV3,IGHV,72,A,c,F,F,T,F,table3,Novel gene,VH3-9*01,,11/0,3,12,Unplaced,NW_001149231.1:1032-1327,,GAGGTGCAGCTGGTGGAGTCTGGGGGCGGCTTGGCAAAGCCTGGGGGGTCCCTGAGACTCTCCTGTGCAGCCTCCGGATTCACCTTCAGTGACCACTACATGCACTGGGTCCGCCAGGCTTCAGGGAAGGGGCTGGAGTGGGTCTCAGGTATTAGTTATACTGGTGGTAGCACATGGTACGCAGACTCCGTGAAGGGCAGATTCACCATCTCCAGAGAGAACGCCAAGAACACACTGTATCTTCAAATGGACAGCCTGAGAGCTGAGGACACGGCTGTCTATTACTGTGCGGGAGA
VH3.72A*02c,VH3.72A*02,VH3.72A,IGHV3,IGHV,72,A,c,F,F,T,F,table3,Novel allele,VH3-9*01,,13/0,11,50,Unplaced,NW_001149231.1:1032-1327,,GAGGTGCAGCTGGTGGAGTCTGGGGGCGGCTTGGCAAAGCCTGGGGGGTCCCTGAGACTCTCCTGTGCAGCCTCTGGATTCAGCTTCAGTGACTACTACATGTACTGGGTCCGCCAGGCTCCAGGGAAGGGGCTGGAGTGGGTCTCAGGTATTAGTTATACTGGTGGTAGCACATACTATGCAGACTCCGTGAAGGGCAGATTCACCATCTCCAGAGAGAACGCCAAGAACACACTGTATCTTCAAATGGACAGCCTGAGAGCTGAGGACACGGCTGTCTATTACTGTGCGAGAGA
VH4.11A*01abc,VH4.11A*01,VH4.11A,IGHV4,IGHV,11,A,abc,T,T,T,F,tableS2,Known,,,0/0,75,15,,,IGHV4-2*01|VH4.11,CAGCTGCAGCTGCAGGAGTCGGGCCCAGGACTGGTGAAGCCTTCGGAGACCCTGTCCCTCACCTGCGCTGTCTCTGGTGGCTCCATCAGCAGTAACTACTGGAGCTGGATCCGCCAGCCCCCAGGGAAGGGACTGGAGTGGATTGGACGTATCTCTGGTAGTGGTGGGAGCACCGACTACAACCCCTCCCTCAAGAGTCGAGTCACCATTTCAACAGACACGTCCAAGAACCAGTTCTCCCTGAAGCTGAGCTCTGTGACCGCCGCGGACACGGCCGTGTATTACTGTGCGAGAGA
VH4.11A*02c,VH4.11A*02,VH4.11A,IGHV4,IGHV,11,A,c,F,F,T,F,tableS2,Novel allele,,,3/0,25,5,,,IGHV4-2*01|VH4.11,CAGGTGCAGCTGCAGGAGTCGGGCCCAGGACTGGTGAAGCCTTCGGAGACCCTGTCCCTCACCTGCGCTGTCTCTGGTGGCTCCATCAGCAGTAACTACTGGAGCTGGATCCGCCAGCCCCCAGGGAAGGGGCTGGAGTGGATTGGACGTATCTATGGTAGTGGTGGGAGCACCGACTACAACCCCTCCCTCAAGAGTCGAGTCACCATTTCAACAGACACGTCCAAGAACCAGTTCTCCCTGAAGCTGAGCTCTGTGACCGCCGCGGACACGGCCGTGTATTACTGTGCGAGAGA
VH4.11A*03c,VH4.11A*03,VH4.11A,IGHV4,IGHV,11,A,c,F,F,T,F,tableS2,Novel allele,,,6/0,10,2,,,IGHV4-2*01|VH4.11,CAGGTGCAGCTGCAGGAGTCGGGCCCAGGACTGGTGAAGCCTTCGGAGACCCTGTCCCTCACCTGCGCTGTCTCTGGTGGCTCCATCAGCGGTTACTACTGGAGCTGGATCCGCCAGCCCCCAGGGAAGGGACTGGAGTGGATTGGACGTATCTATGGTAGTGGTGGGAGCACCGACTACAACCCCTCCCTCAAGAGTCGAGTCACCATTTCAACAGACACGTCCAAGAACCAGTTCTCCCTGAAGCTGAGCTCTGTGACCGCCGAGGACACGGCCGTGTATTACTGTGCGAAAGA
VH4.11A*04cd,VH4.11A*04,VH4.11A,IGHV4,IGHV,11,A,cd,F,F,T,T,tableS2,Novel allele,,,7/0,16,4,,,IGHV4-2*01|VH4.11,CAGGTGCAGCTGCAGGAGTCGGGCCCAGGACTGGTGAAGCCTTCGGAGACCCTGTCCCTCACCTGCGCTGTCTCTGGTGGCTCCATCAGCAGTAACTACTGGAGCTGGATCCGCCAGCCCCCAGGGAAGGGACTGGAGTGGATTGGACGTATCTATGGTAGTAGTGGGAGCACCAGCTACAACCCCTCCCTCACGAGTCGAGTCACCATTTCAACAGACACGTCCAAGAACCAGTTCTCCCTGAAGCTGAGCTCTGTGACCGCCGCGGACACGGCCGTGTATTACTGTGCGAGAGG
VH4.11A*05c,VH4.11A*05,VH4.11A,IGHV4,IGHV,11,A,c,F,F,T,F,tableS2,Novel allele,,,7/0,10,2,,,IGHV4-2*01|VH4.11,CAGCTGCAGCTGCAGGAGTCGGGCCCAGGACTGGTGAAGCCTTCAGAGACCCTGTCCCTCACCTGCGCTGTCTCTGGTGGCTCCATCAGTAGTAACTGGTGGAGCTGGATCCGCCAGCCCCCAGGGAAGGGACTGGAGTGGATTGGACGTATCTCTGGTAGTGGTGGGAGCACCAGCTACAACCCCTCCCTCAAGAGTCGAGTCACCATTTCAACAGACACGTCCAAGAACCAGTTCTCCCTGAAGCTGAGCTCTGTGACCGCCGCGGACACGGCCGTGTATTACTGTGCGAGACA
VH4.11B*01c,VH4.11B*01,VH4.11B,IGHV4,IGHV,11,B,c,F,F,T,F,table2,Novel gene,IGHV4-2*01|VH4.11,,10/0,2,9,,,,CAGGTGCAGCTGCAGGAGTCGGGCCCAGGACTGGTGAAGCCTTCGGAGACCCTGTCCCTCACCTGCGCTGTCTCTGGTTACTCCATCAGCAGTAACTACTGGAGCTGGATCCGCCAGCCCCCAGGGAAGGGACTGGAGTGGATTGGGTATATCTATGGTAGTAGTGGGAGCACCTACTACAACCCCTCCCTCAAGAGTCGAGTCACCATTTCAACAGACACGTCCAAGAACCAGTTCTCCCTGAAGCTGAGCTCTGTGACCGCCGCAGACACGGCCGTGTATTACTGTGCGAGAGA
VH4.11C*01c,VH4.11C*01,VH4.11C,IGHV4,IGHV,11,C,c,F,F,T,F,table2,Novel gene,IGHV4-2*01|VH4.11,,11/0,3,15,,,,CAGGTGCAGCTGCAGGAGTCGGGCCCAGGACTGGTGAAGCCTTCGGAGACCCTGTCCCTCACCTGCGCTGTCTCTGGTGGCTCCATCAGCAGTAGCTACTGGAGCTGGATCCGCCAGCCCCCAGGGAAGGGACTGGAGTGGATTGGGTATATCTATGGTGGTAGTGGGAGCACCAGCTACAACCCCTCCCTCAAGAGTCGAGTCACCATTTCAACAGACACGTCCAAGAACCAGTTTTCCCTGAAGCTGAGCTCTGTGACCGCCGCGGACACGGCCGTGTATTACTGTGCGAGAGA
VH4.11C*02cd,VH4.11C*02,VH4.11C,IGHV4,IGHV,11,C,cd,F,F,T,T,,,,,,,,,,,CAGGTGCAGCTGCAGGAGTCGGGCCCAGGACTGGTGAAGCCTTCGGAGACCCTGTCCCTCACCTGCGCTGTCTCTGGTGGCTCCATCAGCAGTAACTACTGGAGCTGGATCCGCCAGTCCCCAGGGAAGGGGCTGGAGTGGATTGGGTATATCTATGGTGGTAGTGGGAGCACCAGCTACAACCCCTCCCTCAAGAGTCGAGTCACCATTTCAACAGACACGTCCAAGAACCAGTTTTCCCTGAAGCTGAGCTCTGTGACCGCCGCGGACACCGCCGTGTATTACTGTGCGAGATA
VH4.11D*01c,VH4.11D*01,VH4.11D,IGHV4,IGHV,11,D,c,F,F,T,F,table2,Novel gene,IGHV4-2*01|VH4.11,,15/0,6,30,,,,CAGGTGCAGCTGCAGGAGTCGGGCCCAGGACTGGTGAAGCCTTCGGAGACCCTGTCCCTCACCTGCGCTGTCTCTGGTGGCTCCTTCAGCAGTTACTGGTGGGGCTGGATCCGCCAGCCCCCAGGGAAGGGGCTGGAGTGGATTGGGAGTATCTATGGTAGTAGTGGGAGCACCGAATACAACCCCTCCCTCAAAAGTCGAGCCACCATTTCAAGAGACACGTCCAAGAACCAGTTCTCCCTGAAGCTGAGCTCTGTGACCGCCGCGGACACGGCCGTGTATTACTGTGCGAGAGA
VH4.22A*01bc,VH4.22A*01,VH4.22A,IGHV4,IGHV,22,A,bc,F,T,T,F,tableS2,Known,,,0/0,44,9,,,VH4.22,CAGGTGCAGCTGCAGGAGTCGGGCCCAGGACTGGTGAAGCCTTCGGAGACCCTGTCCCTCACCTGCGCTGTCTCTGGTGGCTCCATCAGCGGTTACTACTGGAACTGGATCCGCCAACCCCCAGGGAAGGGGCTGGAGTGGATTGGGTATATCGGTGGTAGTAGTGGGAGCACCTACTACAACCCCTCCCTCAAGAGTCGAGTCACCATTTCAACGGACACGTCCAAGAACCAGTTCTCCCTGAAGCTGAGCTCTGTGACCGCCGCGGACACGGCCGTGTATTACTGTGCGAGAAA
VH4.22A*02c,VH4.22A*02,VH4.22A,IGHV4,IGHV,22,A,c,F,F,T,F,tableS2,Novel allele,,,2/0,10,2,,,VH4.22,CAGGTGCAGCTGCAGGAGTCGGGCCCAGGACTGGTGAAGCCTTCGGAGACCCTGTCCCTCACCTGCGCTGTCTCTGGTGGCTCCATCAGCGGTTACTACTGGAACTGGATCCGCCAACCACCAGGGAAGGGGCTGGAGTGGATTGGGTATATCGGTGGTAGTAGTGGGAGCACCTACTACAACCCCTCCCTCAAGAGTCGAGTCACCATTTCAACAGACACGTCCAAGAACCAGTTCTCCCTGAAGCTGAGCTCTGTGACCGCCGCGGACACGGCCGTGTATTACTGTGCGAGAAA
VH4.22A*03c,VH4.22A*03,VH4.22A,IGHV4,IGHV,22,A,c,F,F,T,F,tableS2,Novel allele,,,4/1,27,6,,,VH4.22,CAGGTGCAGCTGCAGGAGTCGGGCCCAGGACTGGTGAAGCCTTCGGAGACCCTGTCCCTCACCTGCGCTGTCTCTGGTGGCTCCATCAGCAGTGGTTACTACTGGAGCTGGATCCGCCAACCCCCAGGGAAGGGGCTGGAGTGGATTGGGTATATCGGTGGTAGTAGTGGTAGCACCTACTACAACCCCTCCCTCAAGAGTCGAGTCACCATTTCAAAAGACACGTCCAAGAACCAGTTCTCCCTGAAGCTGAGCTCTGTGACCGCCGCGGACACGGCCGTGTATTACTGTGCGAGAAA
VH4.22B*01c,VH4.22B*01,VH4.22B,IGHV4,IGHV,22,B,c,F,F,T,F,table2,Novel gene,VH4.22,,8/0,4,20,,,,CAGGTGCAGCTGCAGGAGTCGGGCCCAGGACTGGTGAAGCCTTCGGAGACCCTGTCCCTCACCTGCGCTGTCTCTGGTGGCTCCATCAGCGGTTACTGGTGGGGCTGGATCCGCCAGCCCCCAGGGAAGGGGCTGGAGTGGATTGGGTATATCGGTGGTAGTAGTGGGAGCACCTACTACAACCCCTCCCTCAAGAGTCGAGTCACCATTTCAACAGACACGTCCAAGAACCAGTTCTCCCTGAAGCTGAGCTCTGTGACCGCCGCGGACACGGCCGTGTATTACTGTGCGAGCGA
VH4.22B*02c,VH4.22B*02,VH4.22B,IGHV4,IGHV,22,B,c,F,F,T,F,table2,Novel allele,VH4.22,,9/0,9,44,,,,TCCCAGGTGCAGCTGCAGGAGTCGGGCCCAGGACTGGTGAAGCCTTCGGAGACCCTGTCCCTCACCTGCGCTGTCTCTGGTGGCTCCTTCAGCGGTTACTACTGGGGCTGGATCCGCCAGCCCCCAGGGAAGGGACTGGAGTGGATTGGGTATATCAGTGGTAGTAGTGGGAGCACCGACTACAACCCCTCCCTCAAGAGTCGAGTCACCATTTCAACAGACACGTCCAAGAACCAGTTCTCCCTGAAGCTGAGCTCTGTGACCGCCGCGGACACGGCCGTGTATTACTGTGCGAGAGA
VH4.22C*01c,VH4.22C*01,VH4.22C,IGHV4,IGHV,22,C,c,F,F,T,F,table2,Novel gene,VH4.22,,9/0,4,18,,,,CAGGTGCAGCTGCAGGAGTCGGGCCCAGGACTGGTGAAGCCTTCGGAGACCCTGTCCCTCACCTGCGCTGTCTCTGGTGGCTCCATCAGCGGTTACTACTGGAGCTGGATCCGCCAGCCCCCAGGGAAGGGACTGGAGTGGATTGGGTATATCGGTGGTGGTAGTGGGAGCACCGAATACAACCCCTCCCTCAAGAGTCGAGTCACCATTTCAAGAGACACGTCCAAGAACCAGTTCTCCCTGAAGCTGAGCTCTGTGACCGCCGCGGACACGGCCGTGTATTACTGTGCGAGAGA
VH4.22C*02c,VH4.22C*02,VH4.22C,IGHV4,IGHV,22,C,c,F,F,T,F,table2,Novel allele,VH4.22,,13/0,3,14,,,,CAGGTGCAGCTGCAGGAGTCGGGCCCAGGACTGGTGAAGCCTTCGGAGACCCTGTCCCTCACCTGCACTGTCTCTGGTGGCTCCATCAGCGGTTACTACTGGAGCTGGATCCGCCAGCCCCCAGGGAAGGGACTGGAGTGGATTGGGGGTATCGGTGGTGGTAGTGGGAGCACCGAATACAACCCCTCCCTCAAAAGTCGAGTCACCATTTCAAGAGACACGTCCAAGAACCAGTTCTCCCTGAAGCTGAGCTCTGTGACCGCCGCGGACACGGCCGTGTATTACTGTGCGAGAGA
VH4.22C*03c,VH4.22C*03,VH4.22C,IGHV4,IGHV,22,C,c,F,F,T,F,table2,Novel allele,VH4.22,,12/0,2,10,,,,CAGGTGCAGCTGCAGGAGTCGGGCCCAGGACTGGTGAAGCCTTCGGAGACCCTGTCCCTCACCTGCGCTGTCTCTGGTGGCTCCATCAGCGGTTACTACTGGAGCTGGATCCGCCAGCCCCCAGGGAAGGGGCTGGAGTGGATTGGGTATATTGGTGGTGGTAGTGGGAGCACCGAATACAACCCCTCCCTCAAAAGTCGAGTCACCATTTCAAGAGACACGTCCAAGAACCATTTCTCCCTGAAGCTGAGCTCTGTGACCGCCGCGGACACCGCCGTGTATTACTGTGCGAGAGA
VH4.22D*01c,VH4.22D*01,VH4.22D,IGHV4,IGHV,22,D,c,F,F,T,F,table2,Novel gene,VH4.22,,11/0,3,13,,,,CAGGTGCAGCTGCAGGAGTCGGGCCCAGAACTGGTGAAGCCTTCGGAGACCCTGTCCCTCACCTGCGCTGTCTCTGGTGGCTCCATCAGCAGTAACTACTGGAGCTGGATCCGCCAGCCCCCAGGGAAGGGACTGGAATGGATTGGGTATATCGGTGGTAGTAGTGGTAGCACCAACTACAACCCCTCCCTCAAGAGTCGAGTCACCATTTCAACAGACACGTCCAAGAACCAGTTCTCCCTGAAGCTGAGCTCTGTGACCGCCGCGGACACGGCCGTGTATTACTGTGCGAGACA
VH4.22E*01c,VH4.22E*01,VH4.22E,IGHV4,IGHV,22,E,c,F,F,T,F,table2,Novel gene,VH4.22,,13/0,2,10,,,,CAGGTGCAGCTGCAGGAGTCGGGCCCAGGACTGGTGAAGCCTTCGGAGACCCTGTCCCTCACCTGCGCTGTCTCTGGTGGCTCCATCAGCGGTTACTACTGGAGCTGGATCCGCCAGGCCCCAGGGAAGGGACTGGAGTGGATTGGGTATATCTATGGTGGTAGTGGGAGCACCAGCTACAACCCGTCCCTCAAGAGTCGAGTCACCATTTCAATAGACACGTCCAAGAACCAGTTCTCCCTGAAGCTGAGCTCTGTGACCGCCGCGGACACGGCCGTGTATTACTGTGCGAGACA
VH4.26A*02cd,VH4.26A*02,VH4.26A,IGHV4,IGHV,26,A,cd,F,F,T,T,tableS2,Novel allele,,,1/0,50,10,,,VH4.26,CAGGTGCAGCTGCAGGAGTCGGGCCCAGGACTGGTGAAGCCTTCGGAGACCCTGCCCCTCACCTGCGCTGTCTCTGGTGCCTCCATCAGCAGTAACTACTGGAGCTGGATCCGCCAGGCCCCAGGGAAGGGACTGGAGTGGATTGGACGTATCTATGGTAGTGGTGGGAGCACCGACTACAACCCCTCCCTCAAGAGTCGAGTCACCATTTCAATAGACACGTCCAAGAACCAGTTCTCCCTGAAGCTGAGCTCTGTGACCGCCGCGGACACGGCCGTGTATTACTGTGCGAGAGA
VH4.26A*03c,VH4.26A*03,VH4.26A,IGHV4,IGHV,26,A,c,F,F,T,F,tableS2,Novel allele,,,2/0,8,2,,,VH4.26,CAGCTGCAGCTGCAGGAGTCGGGCCCAGGACTGGTGAAGCCTTCGGAGACCCTGCCCCTCACCTGCGCTGTCTCTGGTGCCTCCATCAGCAGTAACTACTGGAGCTGGATCCGCCAGGCCCCAGGGAAGGGACTGGAGTGGATTGGACGTATCTATGGTAGTGGTGGGAGCACCGACTACAACCCCTCCCTCAAGAGTCGAGTCACCATTTCAATAGACACGTCCAAGAACCAGTTCTCCCTGAAGCTGAGCTCTGTGACCGCCGCGGACACGGCCGTGTATTACTGTGCGAGAGA
VH4.28A*01bc,VH4.28A*01,VH4.28A,IGHV4,IGHV,28,A,bc,F,T,T,F,tableS2,Known,,,0/0,54,11,,,VH4.28,CAGGTGCAGCTGCAGGAGTCGGGCCCAGGACTGGTGAAGCCTTCGGAGACCCTGTCCCTCACCTGCGCTGTCTCTGGTGGCTCCATCAGCAGTGGTTACTACTACTGGAGCTGGATCCGCCAGCCCCCAGGGAAGGGACTGGAGTGGATTGGGTACATCACTTATAGTGGGAGCACCAGCTACAACCCGTCCCTCAAGAGTCGAGTCACCATTTCAAGAGACACGTCCAAGAACCAGTTCTCCCTGAAGCTGAGCTCTGTGACCGCCGCGGACACGGCCGTGTATTACTGTGCGAGAGA
VH4.28A*02c,VH4.28A*02,VH4.28A,IGHV4,IGHV,28,A,c,F,F,T,F,tableS2,Novel allele,,,6/0,15,4,,,VH4.28,CAGGTGCAGCTGCAGGAGTCGGGCCCAGGACTGGTGAAGCCTTCGGAGACCCTGTCCCTCACCTGCGCTGTCTCTGGTGGCTCTATCAGCAGTAGTTACTACTACTGGAGCTGGATCCGCCAGGCCCCAGGGAAGGGACTGGAGTGGATTGGGTACATCTCTTATAGTGGGAGCACCAGCTACAACCCGTCCCTCAAGAGTCGAGTCACCATTTCAAGAGACACGTCCAAGAACCAGTTCTCCCTGAAGCTGAGCTCTGTGACCGCCGCGGACACGGCCGTGTATTACTGTGCGAGACC
VH4.28B*01c,VH4.28B*01,VH4.28B,IGHV4,IGHV,28,B,c,F,F,T,F,table2,Novel gene,VH4.28,,10/0,2,7,,,,CAGGTGCAGCTGCAGGAGTCGGGCCCAGGACTGGTGAAGCCTTCGGAGACCCTGTCCCTCACCTGCGCTGTCTCTGGTGGCTCTATCAGCAGTAGTTACTACTACTGGAGCTGGATCCGCCAGGCCCCAGGAAAGGGACTGGAGTGGATTGGGTACATCTATTATACTGGTAGCACCAACTACAACCCGTCCCTCAAGAGTCGAGTCACCATTTCAACAGACACGTCCAAGAACCAGTTCTCCCTGAAGCTGAGCTCTGTGACCGCCGCGGACACGGCCGTGTATTACTGTGCGAGAGA
VH4.34A*01bc,VH4.34A*01,VH4.34A,IGHV4,IGHV,34,A,bc,F,T,T,F,tableS2,Known,,,0/0,28,6,,,VH4.34,CAGGTGCAGCTGCAGGAGTCGGGCCCAGGACTGGTGAAGCCTTCGGAGACCCTGTCCCTCACCTGCGCTGTCTCTGGTTACTCCATCAGCAGTGGTTACTACTGGGGCTGGATCCGTCAGCCCCCAGGGAAGGGACTGGAGTATATTGGGTATATCAGTGGTAGTAGTGGGAGCACCTACTACAACCCCTCCCTCAAGAGTCGAGTCACCATTTCAAAAGACACGTCCAAGAACCAGTTCTCCCTGAAGCTGAGCTCTGTGACCGCCGCGGACACGGCCGTGTATTACTGTGCGAGAGA
VH4.34A*02c,VH4.34A*02,VH4.34A,IGHV4,IGHV,34,A,c,F,F,T,F,tableS2,Novel allele,,,1/0,35,7,,,VH4.34,CAGGTGCAGCTGCAGGAGTCGGGCCCAGGACTGGTGAAGCCTTCGGAGACCCTGTCCCTCACCTGCGCTGTCTCTGGTTACTCCATCAGCAGTGGTTACTACTGGGGCTGGATCCGTCAGCCCCCAGGGAAGGGACTGGAGTATATTGGGTATATCAGTGGTAGTAGTGGGAGCACCTACTACAACCCCTCCCTCAAGAGTCGAGTCACCATTTCAAAAGACACGTCCAAGAACCAGTTCTCCCTGAAGCTGAGCTCTGTGACCGCCGCGGACACGGCCGTGTATTACTGTGCGAGACA
VH4.34A*03c,VH4.34A*03,VH4.34A,IGHV4,IGHV,34,A,c,F,F,T,F,tableS2,Novel allele,,,2/0,12,3,,,VH4.34,CAGGTGCAGCTGCAGGAGTCGGGCCCAGGACTGGTGAAGCCTTCGGAGACCCTGTCCCTCACCTGCGCTGTCTCTGGTTACTCCATCAGCAGTGGTTACTACTGGGGCTGGATCCGTCAGCCCCCAGGGAAGGGACTGGAGTATATTGGGTATATCAGTGGTAGTAGTGGGAGCACCTACTACAACCCCTCCCTCAAGAGTCGAGTCACTATTTCAAAAGACACGTCCAAGAACCAGTTCTCCCTGAAGCTGAGCTCTGTGACCGCCGCGGACACGGCCGTGTATTACTGTGCGAGACA
VH4.34A*04c,VH4.34A*04,VH4.34A,IGHV4,IGHV,34,A,c,F,F,T,F,tableS2,Novel allele,,,5/0,20,4,,,VH4.34,CAGGTGCAGCTGCAGGAGTCGGGCCCAGGACTGGTGAAGCCTTCGGAGACCCTGTCCCTCACCTGCGCTGTCTCTGGTTACTCCATCAGCAGTGGTTACTACTGGGGCTGGATCCGTCAGCCCCCAGGGAAGGGGCTGGAGTGGATTGGGTATATCGGTGGTAGTAGTGGGAGCACCTACTACAACCCCTCCCTCAAGAGTCGAGTCACCATTTCAAAAGACACGTCCAAGAACCAGTTCTCCCTGAAGCTGAGCTCTGTGACCGCCGCGGACACGGCCGTGTATTACTGTGCGAGACA
VH4.34A*05c,VH4.34A*05,VH4.34A,IGHV4,IGHV,34,A,c,F,F,T,F,tableS2,Novel allele,,,6/1,25,5,,,VH4.34,CAGGTGCAGCTGCAGGAGTCAGGCCCAGGACTGGTGAAGCCTTCGGAGACCCTGTCCCTCACCTGCGCTGTCTCTGGTGGCTCCTTCAGCGGTTACTACTGGGGCTGGATCCGCCAGCCCCCAGGGAAGGGACTGGAGTATATTGGGTATATCAGTGGTAGTAGTGGGAGCACCAACTACAACCCCTCCCTCAAGAGTCGAGTCACCATTTCAAAAGACACGTCCAAGAACCAGTTCTCCCTGAAGCTGAGCTCTGTGACCGCCGCGGACACGGCCGTGTATTACTGTGCGAGAGA
VH4.34B*01c,VH4.34B*01,VH4.34B,IGHV4,IGHV,34,B,c,F,F,T,F,table2,Novel gene,VH4.34,,11/0,13,64,,,,CAGGTGCAGCTGCAGGAGTCGGGCCCAGGACTGGTGAAGCCTTCGGAGACCCTGTCCCTCACCTGCGCTGTCTCTGGTTACTCCATCAGCAGTGGTTATGGCTGGAGCTGGATCCGCCAGCCCCCAGGGAAGGGGCTGGAGTGGATTGGGTATATCGGTGGTAGTAGTGGTAGCACCAACTACAACCCCTCCCTCAAGAGTCGAGTCACCATTTCAAAAGACACGTCCAAGAACCAGTTCTCCCTGAAGCTGAGCTCTGTGACCGCCGCGGACACGGCCGTGTATTACTGTGCGAGAGA
VH4.34C*01c,VH4.34C*01,VH4.34C,IGHV4,IGHV,34,C,c,F,F,T,F,table2,Novel gene,VH4.34,,14/0,2,7,,,,CAGGTGCAGCTGCAGGAGTCGGGCCCAGGACTGGTGAAGCCTTCGGAGACCCTGTCCCTCACCTGCGCTGTCTCTGGTTACTCCATCAGCAGTGGTTATGGCTGGGGCTGGATCCGCCAGCCCCCAGGGAAGGGACTGGAGTGGATTGGACAGATCTATGGTGGTAGTGGTAGCACCTACTACAACCCCTCCCTCAAGAGTCGAGTCACCGTTTCAAAAGACACGTCCAAGAACCAGTTCTCCCTGAAGCTGAGCTCTGTGACCGCCGCGGACACGGCCGTGTATTACTGTGCGAGAGA
VH4.34D*01c,VH4.34D*01,VH4.34D,IGHV4,IGHV,34,D,c,F,F,T,F,table2,Novel gene,VH4.34,,16/0,3,12,,,,CAGGTGCAGCTGCAGGAGTCGGGCCCAGGACTGGTGAAGCCTTCGGAGACCCTGTCCCTCACCTGCGCTGTCTCTGGTTACTCCATCAGCAGTGGTTACTACTGGGGCTGGATCCGCCAGCCCCCAGGGAAGGGGCTGGAGTGGATTGGGTATATCCATGGTAGTGGTGGGAGCAACTACCTTAACCCGTCCCTCAAGAGTCGAGTCACCCTGTCAGTAGACACGTCCAAGAACCAGTTCTCCCTGAAGCTGAGCTCTGTGACCGCCGCGGACACGGCCGTGTATTACTGTGCGAGAGA
VH4.34D*02c,VH4.34D*02,VH4.34D,IGHV4,IGHV,34,D,c,F,F,T,F,table2,Novel allele,VH4.34,,17/0,2,10,,,,CAGGTGCAGCTGCAGGAGTCGGGCCCAGGACTGGTGAAGCCTTCGGAGACCCTGTCCCTCACCTGCGCTGTCTCTGGTTACTCCATCAGCAGTGGTTACTACTGGGGCTGGATCCGCCAGCCCCCAGGGAAGGGGCTGGAGTGGATTGGGTATATCCATGGTAGTGGTGGGAGCAACTACCTTAACCCGTCCCTCAAGAGTCGAGTCACCCTGTCAGTAGACACGTCCAAGAACCAGCTCTCCCTGAAGCTGAGCTCTGTGACCGCCGCGGACACGGCCGTGTATTACTGTGCGAGAGA
VH4.34E*01c,VH4.34E*01,VH4.34E,IGHV4,IGHV,34,E,c,F,F,T,F,table2,Novel gene,VH4.34,,18/0,2,10,,,,CAGGTGCAGCTGCAGGAGTCGGGCCCAGGACTGTTGAAGCCTTCGGAGACCCTGTCCCTCACCTGCGCTGTCTCTGGTGGCTCCATCAGCGGTGGTTATGGCTGGGGCTGGATCCGCCAGCCCCCAGGGAAGGGGCTGGAGTGGATTGGGAGTATCTATAGTAGTAGTGGGAACACCTACTACAACCCCTCCCTCAAGAGTCGAGTCACCATTTCAACAGACACGTCCAAGAACCAGTTCTCCCTGAAGCTGAGCTCTGTGACCGCCGCGGACACGGCCGTGTATTACTGTGCGAGAGA
VH4.34E*02c,VH4.34E*02,VH4.34E,IGHV4,IGHV,34,E,c,F,F,T,F,table2,Novel allele,VH4.40,,21/0,4,20,,,,CAGGTGCAGCTGCAGGAGTCGGGCCCAGGACTGTTGAAGCCTTCAGACACCCTGTCCCTCACCTGCGCTGTCTCTGGTGGCTCCATCAGCGGTGGTTATGGCTGGGGCTGGATCCGCCAGCCCCCAGGGAAGGGGCTGGAGTGGATTGGGAGTATCTATAGTAGTAATGGGAACACCTACTACAACCCCTCCCTCAAGAGTCGAGTCACCATTTCAACAGACACGTCCAAGAACCAGTTCTCCCTGAAACTGAGCTCTGTGACCGCCGCGGACACGGCCGTGTATTACTGTGCGAGAGA
VH4.34F*01c,VH4.34F*01,VH4.34F,IGHV4,IGHV,34,F,c,F,F,T,F,table2,Novel gene,VH4.34,,23/0,4,16,,,,CAGGTACAGCTGAAGGAGTCAGGCCCAGGACTGGTGAAGCCTTCGGAGACCCTGTCCCTCACCTGCGCTGTCTCTGGTGGCTCCATCAGCAGTGGTTATGGCTGGGGCTGGATCCGCCAGCCCCCAGGGAAGGGGCTGGAGTGGATTGTGACTATCTATAGTAGTACGGGGAACACCTACTACGACCCCTCCCTCAAGAGTCGAGTCACCATTTCAAAAGACACATCCAAGAACCAGTTCTCCCTGAAGCTGAGCTCTGTGACCGCCGCGGACACGGCCGTGTATTACTGTGCGAGAGA
VH4.35A*01bc,VH4.35A*01,VH4.35A,IGHV4,IGHV,35,A,bc,F,T,T,F,tableS2,Known,,,0/0,48,10,,,VH4.35,CAGGTGCAGCTGCAGGAGTCGGGCCCAGCAGTGGTGAAGCCTTCGGAGACCCTGTCCCTCACCTGCGCTGTCTCTGGTGGCTCCATCAGCAGTAGTAACTGGTGGAGCTGGATCCGCCAGTCCCCAGGGAAGGGGCTGGAATGGATTGGGGGTATCTATGGTAGTGGTGGGAGCACCGAATACAACCCCTCCCTCAAGAGTCGAGTCACCATTTCAATAGACACGTCCAAGAACCAGTTCTCCCTGAAGCTGAGCTCTGTGACCGCCGCGGACACCGCCGTGTATTACTGTGCGAGACA
VH4.35A*02c,VH4.35A*02,VH4.35A,IGHV4,IGHV,35,A,c,F,F,T,F,tableS2,Novel allele,,,2/0,16,4,,,VH4.35,CAGGTGCAGCTGCAGGAGTCGGGCCCAGCAGTGGTGAAGCCTTCGGAGACCCTGTCCCTCACCTGCGCTGTCTCTGGTGGCTCCATCAGCAGTAGTTACTGGTGGAGCTGGATCCGCCAGTCCCCAGGGAAGGGGCTGGAATGGATTGGGGGTATCTATGGTAGTGGTGGGAGCACCGAATACAACCCCTCCCTCAAGAGTCGAGTCACCATTTCAATAGACACGTCCAAGAACCAGTTCTCCCTGAAGCTGAGCTCTGTGACCGCCGCGGACACCGCCGTGTATTACTGTGCGAGACC
VH4.35B*01c,VH4.35B*01,VH4.35B,IGHV4,IGHV,35,B,c,F,F,T,F,table2,Novel gene,VH4.35,,13/0,2,10,,,,CAGGTGCAGCTGCAGGAGTCGGGCCCAGGACTGGTGAAGCCTTCGGAGACCCTGTCCCTCACCTGCGCTGTCTCTGGTGGCTCCATCAGCAGTAGTAACTGGTGGAGCTGGATCCGCCAGTCCCCAGGGAAGGGGCTGGAGTGGATTGGGTATATCTATGGTGGTAGTGGGAGCACCAGCTACAACCCCTCCCTCAAGAGTCGAGTCACCATTTCAACAGACACATCCAAGAACCAGTTTTCCCTGAAGCTGAGCTCTGTGACCGCCGCGGACACCGCCGTGTATTACTGTGCGAGACA
VH4.35C*01c,VH4.35C*01,VH4.35C,IGHV4,IGHV,35,C,c,F,F,T,F,table2,Novel gene,VH4.35,,16/0,2,10,,,,CAGGTGCAGCTGCAGGAGTCGGGCCCAGCAGTGGTGAAGCCTTCGGAGACCCTGTCCCTCACCTGCGCTGTCTCTGGTGGCTCCATCAGCGGTGGTTATGGCTGGAGCTGGATCCGCCAGGCCCCAGGGAAGGGACTGGAGTGGATTGGGAGTATCTATGGTAGTAGTGGTAGCACCTACTACAACCCCTCCCTCAAGAGTCGAGTCACCATTTCAAAAGACACGTCCAAGAACCAGTTCTCCCTGAAGCTGAGCTCTGTGACCGCCGCGGACACGGCCGTGTATTACTGTGCGAGACA
VH4.37A*02c,VH4.37A*02,VH4.37A,IGHV4,IGHV,37,A,c,F,F,T,F,tableS2,Novel allele,,,1/0,34,8,,,VH4.37,CAGCTGCAGCTGCAGGAGTCGGGCCCAGGACTGGTGAAGCCTTCGGAGACCCTGTCTGTCACCTGCGCTGTCTCTGGTGGCTCTATCAGCAGTAGCTACTGGAGCTGGATCCGCCAGGCCCCAGGGAAGGGACTGGAGTGGATTGGGTATATCTATGGTAGTGGTAGTAGCACCAACTACAACCCCTCCCTCAAGAGTCGAGTCACCCTGTCAGTAGACACGTCCAAGAACCAGCTCTCCCTGAAGCTGAGCTCTGTGACCGCCGCGGACACGGCCGTGTATTACTGTGCGAGAGA
VH4.37A*03c,VH4.37A*03,VH4.37A,IGHV4,IGHV,37,A,c,F,F,T,F,tableS2,Novel allele,,,3/0,27,6,,,VH4.37,CAGCTGCAGCTGCAGGAGTCGGGCCCAGGACTGGTGAAGCCTTCGGAGACCCTGTCCCTCACCTGCGCTGTCTCTGGTGGCTCTATCAGCAGTAGCTACTGGAGCTGGATCCGCCAGGCCCCAGGGAAGGGACTGGAGTGGATTGGGTATATCTATGGTAGTGGTAGTAGCACCAACTACAACCCCTCCCTCAAGAGTCGAGTCACCCTGTCAGTAGACACGTCCAAGAACCAGCTCTCCCTGAAGCTGAGCTCTGTGACCGCCGCGGACACGGCCGTGTATTACTGTGCGAGAGA
VH4.37A*04c,VH4.37A*04,VH4.37A,IGHV4,IGHV,37,A,c,F,F,T,F,tableS2,Novel allele,,,4/0,9,2,,,VH4.37,CAGCTGCAGCTGCAGGAGTCGGGCCCAGGACTGGTGAAGCCTTCGGAGACCCTGTCCCTCACCTGCGCTGTCTCTGGTGGCTCTATCAGCAGTAGCTACTGGAGCTGGATCCGCCAGGCCCCAGGGAAGGGACTGGAGTGGATTGGGTATATCTATGGTAGTGGTAGTAGCACCAACTACAACCCCTCCCTCAAGAGTCGAGTCACCCTGTCAGTAGACACGTCCAAGAACCAGTTCTCCCTGAAGCTGAGCTCTGTGACCGCCGCGGACACGGCCGTGTATTACTGTGCGAGAGA
VH4.38A*01bc,VH4.38A*01,VH4.38A,IGHV4,IGHV,38,A,bc,F,T,T,F,tableS2,Known,,,0/0,40,8,,,VH4.38,CAGGTGCAGCTGCAGGAGTCGGGCCCAGGACTGGTGAAGCCTTCGGAGACCCTGTCCCTCACCTGCGCTGTCTCTGGTGGCTCCATCAGCGATTACTACTACTGGAACTGGATCCGCCAACCCCCAGGGAAGGGGCTGGAGTGGATTGGGAATATCTATGGTAATAGTGCGAGCACCTACTACAACCCCTCCCTCAAGAGTCGAGTCACCATTTCAAAAGACACGTCCAAGAACCAGTTCTTCCTGAAGCTGAGCTCTGTGACCGCCGCGGACACCGCCGTGTATTACTGTGCGAGAGA
VH4.38A*02cd,VH4.38A*02,VH4.38A,IGHV4,IGHV,38,A,cd,F,F,T,T,tableS2,Novel allele,,,3/0,10,2,,,VH4.38,CAGGTGCAGCTGCAGGAGTCGGGCCCAGGACTGGTGAAGCCTTCGGAGACCCTGTCCCTCACCTGCGCTGTCTCTGGTGGCTCCATCAGCGATAGTTACTACTGGAACTGGATCCGCCAACCCCCAGGGAAGGGGCTGGAGTGGATTGGGAATATCTATGGTAATAGTGCGAGCACCTACTACAACCCCTCCCTCAAGAGTCGAGTCACCATTTCAAAAGACACGTCCAAGAACCAGTTCTTCCTGAAGCTGAGCTCTGTGACCGCCGCGGACACCGCCGTGTATTACTGTGCGAGAGA
VH4.38B*01cd,VH4.38B*01,VH4.38B,IGHV4,IGHV,38,B,cd,F,F,T,T,,,,,,,,,,,CAGGTGCAGCTGCAGGAGTCGGGCCCAGGACTGGTGAAGCCTTCGGAGACCCTGTCCCTCACCTGCACTGTCTCTGGTGGCTCCATCAGCGGTTACTACTACTGGAGCTGGATCCGCCAGCCCCCAGGGAAGGGACTGGAGTGGATTGGGGGTATCTATGGTAATAGTGCGAGCACCTACTACAACCCCTCCCTCAAGAGTCGAGTCACCATTTCAAAAGACACGTCCAAGAACCAGTTCTCCCTGAAGCTGAGCTCTGTGACCGCCGCGGACACGGCCGTGTATTACTGTGCGAGACA
VH4.38C*01c,VH4.38C*01,VH4.38C,IGHV4,IGHV,38,C,c,F,F,T,F,table2,Novel gene,VH4.38,,15/0,4,19,,,,CAGGTGAAGCTGCAGCAGTGGGGCGAAGGACTGCTGAAGCCTTCGGAGACCCTGTCCCTCACCTGCGCTGTCTATGGTGGCTCCATCAGCGGTTACTACTACTGGAGCTGGATCCGCCAGCCCCCAGGGAAGGGGCTGGAGTGGATTGGGTATATCTATGGTAATAGTGCGAGCACCAACTACAACCCCTCCCTCAAGAATCGAGTCACCATTTCAAAAGACACGTCCAAGAACCAGTTCTCCCTGAAGCTGAGCTCTGTGACCGCCGCGGACACGGCCGTGTATTACTGTGCGAGAGA
VH4.38C*02cd,VH4.38C*02,VH4.38C,IGHV4,IGHV,38,C,cd,F,F,T,T,,,,,,,,,,,CAGGTGAAGCTGCAGCAGTGGGGCGAAGGACTGGTGAAGCCTTCGGAGACCCTGTCCCTCACCTGCGCTGTCTATGGTGGCTCCATCAGCGGTTACTACTACTGGAGCTGGATCCGCCAGCCCCCAGGGAAGGGACTGGAGTGGATTGGGTATATCTATGGTAATAGTGCGAGCACCAACTACAACCCCTCCCTCAAGAATCGAGTCACCATTTCAAAAGACACGTCCAAGAACCAGTTCTCCCTGAAGCTGAGCTCTGTGACCGCCGCGGACACGGCCGTGTATTACTGTGCGAGAGA
VH4.38C*03c,VH4.38C*03,VH4.38C,IGHV4,IGHV,38,C,c,F,F,T,F,table2,Novel allele,VH4.38,,16/0,2,10,,,,CAGGTGAAGCTGCAGCAGTGGGGCGAAGGACTGGTGAAGCCTTCGGAGACCCTGTCCCTCACCTGCGCTGTCTATGGTGGCTCCATCAGCGGTTACTACTACTGGAGCTGGATCCGCCAGCCCCCAGGGAAGGGACTGGAGTGGATTGGGTATATCTATGGTAATAGTGCCAGCACCAACTACAACCCCTCCCTCAAGAATCGAGTCACCATTTCAAAAGACACGTCCAAGAACCAGTTCTCCCTGAAGCTGAGCTCTGTGACCGCCGCGGACACGGCCGTGTATTACTGTGCGAGAGA
VH4.38C*04c,VH4.38C*04,VH4.38C,IGHV4,IGHV,38,C,c,F,F,T,F,table2,Novel allele,VH4.38,,18/0,3,15,,,,CAGGTGAAGCTGCAGCAGTGGGGTGAAGGACTGGTGAAGCCTTCGGAGACCCTGTCCCTCACCTGCGCTGTCTATGGTGGCTCCATCAGCGGTTACTACTACTGGAGCTGGATCCGCCAGGCCCCAGGGAAGGGACTGGAGTGGATTGGGAATATTGATGGTAATAGTGCGAGCACCAACTACAACCCCTCCCTCAAGAATCGAGTCACCATTTCAAAAGACACGTCCAAGAACCAGTTCTCCCTGAAGCTGAGCTCTGTGACCGCCGCGGACACGGCCGTGTATTACTGTGCGAGAGA
VH4.39A*01bc,VH4.39A*01,VH4.39A,IGHV4,IGHV,39,A,bc,F,T,T,F,tableS2,Known,,,0/0,36,8,,,VH4.39,CAGGTGCAGCTGCAGGAGTCGGGCCCAGGAGTGGTGAAGCCTTCAGAGACCCTGTCCCTCACCTGCGCTGTCTCTGGTGGCTCCATCAGCGATAGTTACTGGTGGAGCTGGATCCGCCAGCCCCCAGGGAAGGGACTGGAGTGGATTGGGTACATCTATGGTAGTAGTACGAGCACCAACTACAACCCCTCCCTCAAGAGTCGAGTCACCATTTCAAAAGACACGTCCAAGAACCAGTTCTCCTTGAAGCTGAGCTCTGTGACCGCCGCGGACACGGCCGTGTATTACTGTGCGAGAGA
VH4.39B*01c,VH4.39B*01,VH4.39B,IGHV4,IGHV,39,B,c,F,F,T,F,table2,Novel gene,VH4.39,,12/1,5,25,,,,CAGGTGCAGCTGCAGGAGTCGGGCCCAGGACTGGTGAAGCCTTCGGAGACCCTGTCCCTCACCTGCACTGTCTCTGGTGCCTCCATCAGTAGTTACTGGTGGAGCTGGATCCGCCAGCCCCCAGGGAAGGGACTGGAGTGGATTGGGGAGATCAATGGTAATAGTGGGAGCACCAACTACAACCCCTCCCTCAAGAGTCGAGTCACCATTTCAAAAGACGCGTCCAAGAACCAGTTCTCCCTGAAGCTGAGCTCTGTGACCGCCGCGGACACGGCCGTGTATTACTGTGCGAGAGA
VH4.39B*02cd,VH4.39B*02,VH4.39B,IGHV4,IGHV,39,B,cd,F,F,T,T,,,,,,,,,,,CAGGTGCAGCTGCAGGAGTCGGGCCCAGGACTGGTGAAGCCTTCGGAGACCCTGTCCCTCACCTGCGCTGTCTCTGGTGCCTCCATCAGTAGTTACTGGTGGAGCTGGATCCGCCAGCCCCCAGGGAAGGGACTGGAGTGGATTGGGGAGATCAATGGTAATAGTGGTAGCACCTACTACAACCCCTCCCTCAAGAGTCGAGTCACCATTTCAAAAGACGCGTCCAAGAACCAGTTCTCCCTGAAGCTGAGCTCTGTGACCGCCGCGGACACGGCCGTGTATTACTGTGCGAGAGA
VH4.39B*03c,VH4.39B*03,VH4.39B,IGHV4,IGHV,39,B,c,F,F,T,F,table2,Novel allele,VH4.39,,12/1,6,30,,,,CAGGTGCAGCTGCAGGAGTCGGGCCCAGGACTGGTGAAGCCTTCGGAGACCCTGTCCCTCACCTGCGCTGTCTCTGGTGGCTCCTTCAGCAGTTACTGGTGGAGCTGGATCCGCCAGCCCCCAGGGAAGGGACTGGAGTGGATTGGGGAGATCAATGGTAATAGTGGGAGCACCAACTACAACCCCTCCCTCAAGAGTCGAGTCACCATTTCAAAAGACGCGTCCAAGAACCAGTTCTCCCTGAAGCTGAGCTCTGTGACCGCCGCGGACACGGCCGTGTATTACTGTGCGAGATA
VH4.39C*01c,VH4.39C*01,VH4.39C,IGHV4,IGHV,39,C,c,F,F,T,F,table2,Novel gene,VH4.39,,14/0,8,35,,,,CAGGTGCAGCTGCAGGAGTCGGGCCCAGGACTGGTGAAGCCTTCGGAGACCCTGTCCCTCACCTGCGCTGTCTCTGGTGGCTCCATCAGCGATGATTACTACTGGAGCTGGATCCGCCAGCCCCCAGGGAAGGGACTGGAGTGGATTGGGTACATCTATGGTAGTGGTGGGGGCACCAACTACAATCCCTCCCTCAAGAATCGAGTCACCATTTCAATAGACACGTCCAAGAACCAGTTCTCCCTGAAGCTGAGCTCTGTGACCGCCGCGGACACGGCCGTGTATTACTGTGCGAGAGA
VH4.39D*01c,VH4.39D*01,VH4.39D,IGHV4,IGHV,39,D,c,F,F,T,F,table2,Novel gene,VH4.39,,17/0,5,25,,,,CAGGTGCAGCTGCAGGAGTCGGGCCCAGGACTGGTGAAGCCTTCAGAGACCCTGTCCCTCACCTGCGCTGTCTCTGGAGGCTCTATCAGCGGTGGTTATGACTGGAGCTGGATCCGCCAGCCCCCAGGGAAGGGGCTGGAGTGGATTGGGTATATCTATGGTAGTAGTGGGAGCACCAACTACAACCCGTCCCTCAAGAATCGAGTCACCATTTCAAAAGACACGTCCAAGAACCAGTTCTCCCTGAAGCTGAGCTCTGTGACCGCCGCGGACACGGCCGTGTATTACTGTGCGAGACA
VH4.40A*01bc,VH4.40A*01,VH4.40A,IGHV4,IGHV,40,A,bc,F,T,T,F,tableS2,Known,,,0/0,50,10,,,VH4.40,CAGGTGCAGCTGCAGGAGTCGGGCCCAGGACTGGTGAAGCCTTCAGAGACCCTGTCCCTCACCTGCGCTGTCTCTGGTGGCTCTATCAGCAGTAGTAACTGGTGGAGCTGGATCCGCCAGCCCCCAGGGAAAGGGCTGGAGTGGATTGGGAATATCGGTGGTAGTAGTGGTAGCACCTACTACAACCCCTCCCTCAAGAGTCGAGTCACCATTTCAAAAGACACGTCCAAGAACCAGTTCTCCCTGAAGCTGAGCTCTGTGACCGCCGCGGACACGGCCGTGTATTACTGTGCGAGACA
VH4.40A*02c,VH4.40A*02,VH4.40A,IGHV4,IGHV,40,A,c,F,F,T,F,tableS2,Novel allele,,,3/0,25,5,,,VH4.40,CAGGTGCAGCTGCAGGAGTCGGGCCCAGGACTGGTGAAGCCTTCAGAGACCCTGTCCCTCACCTGCGCTGTCTCTGGTGGCTCTATCAGCAGTAGTAACTGGTGGAGCTGGATCCGCCAGCCCCCAGGGAAAGGGCTGGAGTGGATTGGGTATATCAGTGGTAGTAGTGGTAGCACCTACTACAACCCCTCCCTCAAGAGTCGAGTCACCATTTCAAAAGACACGTCCAAGAACCAGTTCTCCCTGAAGCTGAGCTCTGTGACCGCCGCGGACACGGCCGTGTATTACTGTGCGAGAGA
VH4.40A*03c,VH4.40A*03,VH4.40A,IGHV4,IGHV,40,A,c,F,F,T,F,tableS2,Novel allele,,,4/0,7,2,,,VH4.40,CAGGTGCAGCTGCAGGAGTCGGGCCCAGGACTGGTGAAGCCTTCAGAGACCCTGTCCCTCACCTGCGCTGTCTCTGGTGGCTCTATCAGCAGTAGTAACTGGTGGAGCTGGATCCGCCAGCCCCCAGGGAAAGGGCTGGAGTGGATTGGGTATATCAGTGGTAGTAGTGGTAGCACCTACTACAACCCCTCCCTCAAGAGTCGAGTCACCATTTCAAAAGACACGTCCAAGAACCAGTTCTCCCTGAAGCTGAGCTCTGTGACCGCCGCGGACACGGCCGTGTATTACTGTGCGAGAGG
VH4.40A*04cd,VH4.40A*04,VH4.40A,IGHV4,IGHV,40,A,cd,F,F,T,T,tableS2,Novel allele,,,6/0,25,5,,,VH4.40,CAGGTGCAGCTGCAGGAGTCGGGCCCAGGACTGGTGAAGCCTTCGGAGACCCTGTCCCTCACATGCGCTGTCTCTGGTGGCTCTATCAGCAGTAGTAACTGGTGGAGCTGGATCCGCCAGCCCCCAGGGAAAGGGCTGGAGTGGATTGGGTATATCAGTGGTAGTAGTGGTAGCACCTACTACAACCCCTCCCTCAAGAGTCGAGTCACCATTTCAACAGACACGTCCAAGAACCAGTTCTCCCTGAAGCTGAGCTCTGTGACCGCCGCGGACACGGCCGTGTATTACTGTGCGAGAGA
VH4.40B*01c,VH4.40B*01,VH4.40B,IGHV4,IGHV,40,B,c,F,F,T,F,table2,Novel gene,VH4.40,,14/0,3,15,,,,CAGGTGCAGCTGCAGGAGTCGGGCCCAGGACTGGTGAAGCCTTCGGAGACCCTGTCCCTCACCTGCGCTGTCTCTGGTGGCTCCATCAGCAGTAGTAACTGGTGGAGCTGGATCCGCCAGCCCCCAGGGAAAGGGCTGGAGTGGATTGGGGGTATCTATAGTAATAGTGAGAGTACCAACTACAACCCCTCCCTCAAGAGTCGAGTCACCATTTCAAAAGACACGTCCAAGAACCAGTTCTCCTTGAAGCTGAGCTCTGTGACCGCCGCGGACACGGCCGTGTATTACTGTGCGAGAGA
VH4.43A*02c,VH4.43A*02,VH4.43A,IGHV4,IGHV,43,A,c,F,F,T,F,tableS2,Novel allele,,,6/0,20,4,,,VH4.43,CAGCTGCAGCTGCAGGAGTCGGGCCCAGGACTGGTGAAGCCTTCGGAGACCCTGTCCCTCACCTGCGCTGTCTCTGGTGGCTCTATCAGCAGTAGTAACTGGTGGAGCTGGATCCGCCAGCCCCCAGGGAAGGGACTGGAGTGGATTGGACGTATCTCTGGTAGTGGTGGGAGCACCAGCTACAACCCGTCCCTCAAGAGTCGAGTCACCATTTCAACAGACACGTCCAAGAACCAGTTCTCCCTGAAGCTGAGCTCTGTGACCGCCGCGGACACGGCCGTGTATTACTGTGCGAGAGA
VH4.57A*01bc,VH4.57A*01,VH4.57A,IGHV4,IGHV,57,A,bc,F,T,T,F,tableS2,Known,,,0/0,35,7,,,VH4.57,CAGGTGCAGCTGCAGGAGTCGGGCCCAGGAGTGGTGAAGCCTTCGGAGACCCTGTCCCTCACCTGCGCTGTCTCTGGTGGCTCCATCAGCAGTGGTTACTACTACTGGAGCTGGATCCGCCAGCCCCCAGGGAAGGGGCTGGAGTGGATTGGGGGTATCTATAGTAATAGTGAGAGTACCAACTACAACCCCTCCCTCAAGAGTCGAGTCACCATTTCAAAAGACACGTCCAAGAACCAGTTCTCCCTGAAGCTGAGCTCTGTGACCGCCGCGGACACGGCCGTGTATTACTGTGCGAGAGA
VH4.57A*02c,VH4.57A*02,VH4.57A,IGHV4,IGHV,57,A,c,F,F,T,F,tableS2,Novel allele,,,3/0,19,4,,,VH4.57,CAGGTGCAGCTGCAGGAGTCGGGCCCAGGAGTGGTGAAGCCTTCGGAGACCCTGTCCCTCACCTGCGCTGTCTCTGGTGGCACCATCAGCAGTGGTTACTACTACTGGAGCTGGATCCGCCAGCCCCCAGGGAAGGGGCTGGAGTGGATTGGGGGTATCTATAGTAATAGTGAGAGTACCAACTACAACCCCTCCCTCAAGAGTCGAGTCACCATTTCAAAAGACACGTCCAAGAACCAGTTCTCCCTAAAGCTGAGCTCTGTGACCGCCACGGACACGGCCGTGTATTACTGTGCGAGAGA
VH4.57B*01c,VH4.57B*01,VH4.57B,IGHV4,IGHV,57,B,c,F,F,T,F,table2,Novel gene,VH4.57,,11/0,2,9,,,,CAGGGGCAGCTGCAGGAGTCGGGCCCAGGACTGGTGAAGCCTTCGGAGACCCTGTCCCTCACCTGCGCTGTCTCTGGTGGCTCCATCAGCAGTGGTTACTACTACTGGAGCTGGATCCGCCAGCCCCCAGGGAAGGGGCTGGAGTGGATTGGGAGTATCTATAGTAGTAGTGGGAATACCTACTACAACCCCTCCCTCAAGAGTCGAGTCACCATTTCAAGGGACACATCCAAGAACCAGTTCTCCCTGAAGCTGAGCTCTGTGACCGCCGCGGACACGGCCGTGTATTACTGTGCGAGCGA
VH4.57C*01c,VH4.57C*01,VH4.57C,IGHV4,IGHV,57,C,c,F,F,T,F,table2,Novel gene,VH4.57,,16/0,3,15,,,,CAGGTGCAGCTGCAGGAGTCGGGCCCAGGACTGGTGAAGCCTTCGGAGACCCTGTCCCTCACCTGCGCTGTCTCTGGTGGCTCTATCAGCAGTAGTTACTACTACTGGAGCTGGATCCGCCAGGCCCCAGGGAAGGGACTGGAGTGGATTGGGTATATCTATGGTGGTAGTGGGAGCACCAGCTACAACCCGTCCCTCAAGAGTCGAGTCACCATTTCAATAGACACGTCCAAGAACCAGTTCTCCCTGAAGCTGAGCTCTGTGACCGCCGCGGACACGGCCGTGTATTACTGTGCGAGACA
VH4.73A*01c,VH4.73A*01,VH4.73A,IGHV4,IGHV,73,A,c,F,F,T,F,table3,Novel gene,VH4.37,,8/0,8,39,Unplaced,NW_001149510.1:279-574,,CAGGTGCAGCTGCAGGAGTCGGGCCCAGGACTGGTGAAGCCTTTGGAGACCCTGTCCCTCACCTGCGCTGTCTCTGGTGGCTCTATCAGCAGTAACTACTGGAGCTGGATCCGCCAGCCCCCAGGGAAGGGACTGGAGTGGATTGGGTATATCTATGGTAGTGGTAGTAGCACCAACTACAACCCCTCCCTCAAGAGTCGAGTCACCCTGTCAGTAGACACGTCCAAGAACCAGTTCTCCCTGAAGCTGAGCTCTGTGACCGCCGCGGACACGGCCGTGTATTACTGTGCGAGAGA
VH4.73A*02c,VH4.73A*02,VH4.73A,IGHV4,IGHV,73,A,c,F,F,T,F,table3,Novel allele,VH4.37,,8/1,2,10,Unplaced,NW_001149510.1:279-574,,CAGGTGCAGCTGCAGGAGTCGGGCCCAGGACTGGTGAAGCCTTTGGAGACCCTGTCCCTCACCTGCGCTGTCTCTGGTGGCTCTATCAGCAGTAACTACTGGAGCTGGATCCGCCAGCCCCCAGGGAAGGGACTGGAGTGGATTGGGTATATCTATGGTAGTGGTAGCACCAACTACAACCCCTCCCTCAAGAGTCGAGTCACCCTGTCAGTAGACACGTCCAAGAACCAGTTCTCCCTGAAGCTGAGCTCTGTGACCGCCGCGGACACGGCCGTGTATTACTGTGCGAGAGA
VH4.73B*01c,VH4.73B*01,VH4.73B,IGHV4,IGHV,73,B,c,F,F,T,F,table3,Novel gene,VH4.37,,16/0,2,8,Unplaced,NW_001149510.1:279-572,,CAGGTGCAGCTGCAGGAGTCGGGCCCAGGACTGGTGAAGCCTTCGGAGACCCTGTCCCTCACCTGCACTGTCTCTGGTGGCTCTATCAGCGGTTACTACTGGAACTGGATCCGCCAACCCCCAGGGAAGGGGCTGGAGTGGATTGGGAATATCTATGGTAGTGGTAGTACCACCAACTACAACCCCTCCCTCAAGAGTCGAGTCACCCTGTCAGTAGACACGTCCAAGAACCAGTTCTCCCTGAAGCTGAGCTCTGTGACCGCCGCGGACACGGCCGTGTATTACTGTGCGAGACA
VH4.73C*01c,VH4.73C*01,VH4.73C,IGHV4,IGHV,73,C,c,F,F,T,F,table3,Novel gene,Human_VH4-59*04,,21/0,2,9,Unplaced,NW_001149510.1:279-572,,CAGGTGCAGCTGCAGGAGTCGGGCCCAGGACTGGTGAAGCCTTCGGAGACCCTGTCCCTCACCTGCGCTGTCTCTGGTGGCTCTATCAGCAGTTACTGGTGGGGCTGGATCCGTCAGCCCCCAGGGAAGGGACTGGAGTGGATTGGGCATATCAGTAGTGGTGGCAGCAACTACCTTAACCCGTCCCTCAAGAGTCGAGTCACCCTGTCAGTAGACACGTCCAAGAACCAGTTCTCCCTGAAGCTGAGCTCTGTGACCGCCGCGGACACGGCCGTGTATTACTGTGCGAGATC
IGHV5-1*01a,IGHV5-1*01,IGHV5-1,IGHV5,IGHV,1,,a,T,F,F,F,,,,,,,,,,,GAGGTGCAGCTGGTGCAGTCTGGAGCAGAGGTGAAAAGGCCCGGGGAGTCTCTGAGGATCTCCTGTAAGACTTCTGGATACAGCTTTACCAGCTACTGGATCAGCTGGGTGCGCCAGATGCCCGGGAGAGAACTGGAGTGGATGGGGAGCATCCATCCTGGGACCTCTGATACCAGATACAACCCGTCCTTCCAAGGCCAGGTCACCATCTCAGCCGACAGCTCCATCAGCACCGTCTACCTGCAGTGGAGCAGCCTGAAGGCCTCGGACTCCGCCATGTATTATTGTGCAAGA
VH5.7A*01abc,VH5.7A*01,VH5.7A,IGHV5,IGHV,7,A,abc,T,T,T,F,tableS2,Known,,,0/0,18,4,,,IGHV5-2*01|VH5.7,GAGGTGCAGCTGGTGCAGTCTGGAGCAGAGGTGAAAAGGCCCGGGGAGTCTCTGAAGATCTCCTGTAAGACTTCTGGATACAGCTTTACCAGCTACTGGATCAGCTGGGTGCGCCAGATGCCCGGAAAAGGCCTGGAGTGGATGGGGGCGATTGATCCTAGTGATTCTGATACCAGATACAGCCCGTCCTTCCAAGGCCAGGTCACCATCTCAGCCGACAAGTCCATCAGCACCGCCTACCTGCAGTGGAGCAGCCTGAAGGCCTCGGACACCGCCACGTATTACTGCGCGAAAGA
VH5.7A*02c,VH5.7A*02,VH5.7A,IGHV5,IGHV,7,A,c,F,F,T,F,tableS2,Novel allele,,,2/0,24,5,,,IGHV5-2*01|VH5.7,GAGGTGCAGCTGGTGCAGTCTGGAGCAGAGGTGAAAAGGCCCGGGGAGTCTCTGAAGATCTCCTGTAAGACTTCTGGATACAGCTTTACCAGCTACTGGATCAGCTGGGTGCGCCAGATGCCCGGAAAAGGCCTGGAGTGGATGGGGGCGATTGATCCTAGTGATTCTGATACCAGATACAGCCCGTCCTTCCAAGGCCAGGTCACCATCTCAGCCGACAAGTCCATCAGCACCGCCTACCTGCAGTGGAGCAGCCTGAAGGCCTCGGACTCCGCCACGTATTACTGTGCGAAAGA
VH5.7A*03c,VH5.7A*03,VH5.7A,IGHV5,IGHV,7,A,c,F,F,T,F,tableS2,Novel allele,,,2/0,31,8,,,IGHV5-2*01|VH5.7,GAGGTGCAGCTGGTGCAGTCTGGAGCAGAGGTGAAAAGGCCCGGGGAGTCTCTGAAGATCTCCTGTAAGACTTCTGGATACAGCTTTACCAGCTACTGGATCAGCTGGGTGCGCCAGATGCCCGGAAAAGGCCTGGAGTGGATGGGGGCGATTGATCCTAGTGATTCTGATACCAGATACAGCCCGTCCTTCCAAGGCCAGGTCACCATCTCAGCCGACAAGTCCATCAGCACCGCCTACCTGCAGTGGAGCAGCCTGAAGGCCTCGGACACCGCCACGTATTACTGTGCGAAAGG
VH5.7A*04c,VH5.7A*04,VH5.7A,IGHV5,IGHV,7,A,c,F,F,T,F,tableS2,Novel allele,,,2/0,15,3,,,IGHV5-2*01|VH5.7,GAGGTGCAGCTGGTGCAGTCTGGAGCAGAGGTGAAAAGGCCCGGGGAGTCTCTGAAGATCTCCTGTAAGACTTCTGGATACAGCTTTACCAGCTACTGGATCAGCTGGGTGCGCCAGATGCCCGGGAAAGGCCTGGAGTGGATGGGGGCGATTGATCCTAGTGATTCTGATACCAGATACAGCCCGTCCTTCCAAGGCCAGGTCACCATCTCAGCCGACAAGTCCATCAGCACCGCCTACCTGCAGTGGAGCAGCCTGAAGGCCTCGGACACCGCCACGTATTACTGTGCGAAAGA
VH5.46A*02c,VH5.46A*02,VH5.46A,IGHV5,IGHV,46,A,c,F,F,T,F,tableS2,Novel allele,,,1/0,19,5,,,VH5.46,GAGGTGCAGCTGGTGCAGTCTGGAGCAGAGGTGAAAAGGCCCGGGGAGTCTCTGAGGATCTCCTGTAAGACTTCTGGATACAGCTTTACCAGCAGCTGGATCAGCTGGGTGCGCCAGATGCCCGGGAAAGGCCTGGAGTGGATGGGGAGCATCTATCCTGGTGATTCTGATACCAAATACAACCCGTCCTTCCAAGGCCACGTCACTATCTCAGCCGACAAGTCCATCAGCACCACCTACCTGCAGTGGAGCAGCCTGAAGGCCTCGGACACCGCCACGTATTACTGTGCGAAAGT
VH5.46A*03c,VH5.46A*03,VH5.46A,IGHV5,IGHV,46,A,c,F,F,T,F,tableS2,Novel allele,,,2/0,18,4,,,VH5.46,GAGGTGCAGCTGGTGCAGTCTGGAGCAGAGGTGAAAAGGCCCGGGGAGTCTCTGAGGATCTCCTGTAAGACTTCTGGATACAGCTTTACCAGCAGCTGGATCAGCTGGGTGCGCCAGATGCCCGGGAAAGGCCTGGAGTGGATGGGGAGCATCTATCCTGGTGATTCTGATACCAGATACAACCCGTCCTTCCAAGGCCACGTCACTATCTCAGCCGACAAGTCCATCAGCACCACCTACCTGCAGTGGAGCAGCCTGAAGGCCTCGGACACCGCCACGTATTACTGTGCGAAAGT
VH6.1A*01abc,VH6.1A*01,VH6.1A,IGHV6,IGHV,1,A,abc,T,T,T,F,tableS2,Known,,,0/0,53,12,,,IGHV6-1*01|VH6.1,CAGGTGCAGCTGCAGGAGTCAGGTCCAGGACTGGTGAAGCCCTCACAGACCCTGTCACTCACCTGTGCCATCTCCGGGGACAGTGTCTCTAGCAACAGTGCTACTTGGAACTGGATCAGGCAGTCGCCATCGAGAGGCCTTGAGTGGCTGGGAAGGACATACTACAGGTCCAAGTGGTATAATGATTATGCACAATCTGTGCAAAATCGAATAAGCATCAACCCAGACACATCCAAGAACCAGTTCTCCCTGCAGCTGAACTCTGTGACCCCCGAGGACATGGCCGTGTATTACTGTGCAAGAGA
VH7.21A*01ab,VH7.21A*01,VH7.21A,IGHV7,IGHV,21,A,ab,T,T,F,F,,,,,,,,,,,CAGGTGCAGCTGGTGCAGTCTGGGCCTGAGGTGAAGCAGCCTGGGGCCTCAGTGAAGGTCTCCTGCAAGGCTTCTGGTTACAGCTTCACCACCTATGGTATGAATTGGGTGCGACAGGCCCCTGGACAGGGCCTTGAGTGGATGGGATGGATGAACACCTACACTGGGAACCCAACGTATGCCCAGGGCTTCACAGAACGGTTTGTCTTCTCCATGGACACCTCTGTCAGCACAGTGTACCTGCAGATCAGCAGCCTAAAGGGTGAGGACACGGCCGTGTATTACTGTGCGAGATA
VH7.66A*01c,VH7.66A*01,VH7.66A,IGHV7,IGHV,66,A,c,F,F,T,F,table2,Novel gene,Human_IGHV7-4-1*02b,,21/0,5,20,,,,CAGGTGCAGCTGGTGCAGTCTGGGGCTGAGGTGAAGCAGCCGGGGGCCTCAGTGAAGGTCTCCTGCAAGGCTTCTGGATACACCTTCACTAGCTATGGTATGAATTGGGTGCGACAGGCCCATGGACAACGGCTTGAGTGGATGGGATGGATCAACACCGACACTGGGAACCCAACATATGCCCAGGGCTTCAAAGAACGATTTACCTTCTCCATGGACACCTCTATCAGCACGGCATATCTGCAGATCAGCAGCCTAAAGGCTGAGGACACGGCCGTGTATTACTGTGCAAGACA
VH7.66A*02c,VH7.66A*02,VH7.66A,IGHV7,IGHV,66,A,c,F,F,T,F,table2,Novel allele,Human_IGHV7-4-1*02b,,22/0,3,7,,,,CAGGTGCAGCTGGTGCAGTCTGGGGCTGAGGTGAAGCAGCCGGGGGCCTCAGTGAAGGTCTCCTGCAAGGCTTCTGGATACACCTTCACTAGCTATGGTATGAATTGGGTGCGACAGGCCCATGGACAACGGCTTGAGTGGATGGGATGGATCAACACCGACACTGGGAACCCAACATATGCCCAGGGCTTCAAAGAACGATTTACCTTCTCCATGGACACCTCTATCAGCACGGCATATCTGCAGATCAGCAGCCTAAAGGCTGAGGACACGGCCGTGTATTACTGTGCAAGACG
VH7.69A*01c,VH7.69A*01,VH7.69A,IGHV7,IGHV,69,A,c,F,F,T,F,table3,Novel gene,Human_VH7-4-1*02,,25/0,1,4,chr7.unlocalized,NW_001122023.1:392299-392586,,CAGGTGCAGCTGGTGCAGTCTGGGGCTGAGGTGAAGCAGCCGGGGGCCTCAGTGAAGGTCTCCTGCATGGCTTCTGGATACACCTTCACTAGCTATTCTATGCATTGGGTGCGACAGGCCCATGGACAACGGCTTGAGTGGATGGGATGGATCAACACCGACACTGGGAACCCAACATATGCCCAGGGCTTCAAAGAACGATTTACCTTCTCCATGGACACCTCTATCAGCACGGCGTATCTGCAGATCAGCAGCCTAAAGGCTGAGGACACGGCCGTGTATTACTGTGCAAGACT
IGHJ1*01ac,IGHJ1*01,IGHJ1,IGHJ1,IGHJ,,,ac,T,F,T,F,table1,Known,IGHJ1*01,F,0/0,15,75,,,,GCTGAATACTTCGAGTTCTGGGGCCAGGGCGCCCTGGTCACCGTCTCCTCAG
IGHJ1*02c,IGHJ1*02,IGHJ1,IGHJ1,IGHJ,,,c,F,F,T,F,table1,Novel allele,IGHJ1*01,F,1/0,6,24,,,,GCTGAATACTTCGAATTCTGGGGCCAGGGCGCCCTGGTCACCGTCTCCTCAG
IGHJ2*01ac,IGHJ2*01,IGHJ2,IGHJ2,IGHJ,,,ac,T,F,T,F,table1,Known,IGHJ2*01,ORF,0/0,15,73,,,,CTACTGGTACTTCGATCTCTGGGGCCCTGGCACCCCAATCACCATCTCCTCAG
IGHJ2*02c,IGHJ2*02,IGHJ2,IGHJ2,IGHJ,,,c,F,F,T,F,table1,Novel allele,IGHJ2*01,ORF,1/0,6,17,,,,CTACTGGTACTTCGATCTCTGGGGCCCTGGCACCCCAATCACCGTCTCCTCAG
IGHJ2*03c,IGHJ2*03,IGHJ2,IGHJ2,IGHJ,,,c,F,F,T,F,table1,Novel allele,IGHJ2*01,ORF,2/0,7,33,,,,TTACTGGTACTTCGATATCTGGGGCCCTGGCACCCCAATCACCATCTCCTCAG
IGHJ3*01ac,IGHJ3*01,IGHJ3,IGHJ3,IGHJ,,,ac,T,F,T,F,table1,Known,IGHJ3*01,F,0/0,15,75,,,,TGATGCTTTTGATTTCTGGGGCCAAGGGCTCAGGGTCACCGTCTCTTCAG
IGHJ3*02c,IGHJ3*02,IGHJ3,IGHJ3,IGHJ,,,c,F,F,T,F,table1,Novel allele,IGHJ3*01,F,1/0,15,68,,,,TGATGCTTTTGATTTCTGGGGCCAAGGACTCAGGGTCACCGTCTCTTCAG
IGHJ4*01ac,IGHJ4*01,IGHJ4,IGHJ4,IGHJ,,,ac,T,F,T,F,table1,Known,IGHJ4*01,F,0/0,15,75,,,,ACTACTTTGACTACTGGGGCCAGGGAGTCCTGGTCACCGTCTCCTCAG
IGHJ4*02c,IGHJ4*02,IGHJ4,IGHJ4,IGHJ,,,c,F,F,T,F,table1,Novel allele,IGHJ4*01,F,1/0,4,20,,,,ACTACTTTGACTTCTGGGGCCAGGGAGTCCTGGTCACCGTCTCCTCAG
IGHJ4*03c,IGHJ4*03,IGHJ4,IGHJ4,IGHJ,,,c,F,F,T,F,table1,Novel allele,IGHJ4*01,F,1/0,10,50,,,,ACTACTTTGACTCCTGGGGCCAGGGAGTCCTGGTCACCGTCTCCTCAG
IGHJ5-1*01ac,IGHJ5-1*01,IGHJ5-1,IGHJ5,IGHJ,,,ac,T,F,T,F,table1,Known,IGHJ5-1*01,F,0/0,11,55,,,,ACAACCGGTTCGATGTCTGGGGCCCGGGAGTCCTGGTCACCGTCTCCTCAG
IGHJ5-1*02c,IGHJ5-1*02,IGHJ5-1,IGHJ5,IGHJ,,,c,F,F,T,F,table1,Novel allele,IGHJ5-1*01,F,1/0,4,20,,,,ACAACCGGTTCGATGTCTGGGGCGCGGGAGTCCTGGTCACCGTCTCCTCAG
IGHJ5-1*03c,IGHJ5-1*03,IGHJ5-1,IGHJ5,IGHJ,,,c,F,F,T,F,table1,Novel allele,IGHJ5-1*01,F,1/0,2,9,,,,ACAACCGGTTCGATGTCTGGGGCCCGGGACTCCTGGTCACCGTCTCCTCAG
IGHJ5-1*04c,IGHJ5-1*04,IGHJ5-1,IGHJ5,IGHJ,,,c,F,F,T,F,table1,Novel allele,IGHJ5-1*01,F,1/0,6,30,,,,ACAACTGGTTCGATGTCTGGGGCCCGGGAGTCCTGGTCACCGTCTCCTCAG
IGHJ5-2*01a,IGHJ5-2*01,IGHJ5-2,IGHJ5,IGHJ,,,a,T,F,F,F,,,,,,,,,,,ACAACTCATTGGATGTCTGGGGCCAGGGAGTTCTGGTCACCGTCTCCTCAG
IGHJ5-2*02ac,IGHJ5-2*02,IGHJ5-2,IGHJ5,IGHJ,,,ac,T,F,T,F,table1,Novel allele,IGHJ5-2*02,F,0/0,15,75,,,,ACAACTCATTGGATGTCTGGGGCCGGGGAGTTCTGGTCACCGTCTCCTCAG
IGHJ5-2*03c,IGHJ5-2*03,IGHJ5-2,IGHJ5,IGHJ,,,c,F,F,T,F,table1,Novel allele,IGHJ5-2*02,F,1/0,9,45,,,,ACAACTCATTGGATGTCTGGGGCCGGGGACTTCTGGTCACCGTCTCCTCAG
IGHJ5-2*04c,IGHJ5-2*04,IGHJ5-2,IGHJ5,IGHJ,,,c,F,F,T,F,table1,Novel allele,IGHJ5-2*02,F,1/0,4,20,,,,ACAACTCATTGGATGTCTGGGGCCGGGGAATTCTGGTCACCGTCTCCTCAG
IGHJ6*01ac,IGHJ6*01,IGHJ6,IGHJ6,IGHJ,,,ac,T,F,T,F,table1,Known,IGHJ6*01,F,0/0,15,75,,,,ATTACTACGGTTTGGATTCCTGGGGCCAAGGGGTCGTCGTCACCGTCTCCTCAG
IGHJ6*02c,IGHJ6*02,IGHJ6,IGHJ6,IGHJ,,,c,F,F,T,F,table1,Novel allele,IGHJ6*01,F,1/0,10,43,,,,ATTTCTACGGTTTGGATTCCTGGGGCCAAGGGGTCGTCGTCACCGTCTCCTCAG
IGHJ6*03c,IGHJ6*03,IGHJ6,IGHJ6,IGHJ,,,c,F,F,T,F,table1,Novel allele,IGHJ6*01,F,1/0,3,8,,,,ATTACTACGGTTTGGATTCCTGGGGCCAAGGGGTCGCCGTCACCGTCTCCTCAG
